612.5,615.5,608.2,611.3,470386,287731067.4,612.5,615.5,608.2,611.3,470386,287731067.4,610.25,610.25
610.15,613.5,599,600.6,1088762,658194427,610.15,613.5,599,600.6,1088762,658194427,601.4,601.4
601.05,610.6,597.05,610,883340,533392696.1,601.05,610.6,597.05,610,883340,533392696.1,607.15,607.15
608.1,612.95,598.25,603.65,1028921,621680039.1,608.1,612.95,598.25,603.65,1028921,621680039.1,603.65,603.65
603.65,605.1,600.15,605,818518,493036458.7,603.65,605.1,600.15,605,818518,493036458.7,602.75,602.75
604.4,605,593.1,601,933769,558853448.4,604.4,605,593.1,601,933769,558853448.4,601.15,601.15
602.5,625,600.3,622.65,2105060,1300798390,602.5,625,600.3,622.65,2105060,1300798390,622.35,622.35
621.95,623.75,612.9,618.15,1089562,673541999.9,621.95,623.75,612.9,618.15,1089562,673541999.9,618.3,618.3
618.15,631,613.7,620.15,2973765,1848966981,618.15,631,613.7,620.15,2973765,1848966981,621.4,621.4
624.95,628.4,611.1,612.05,1564268,967813094.6,624.95,628.4,611.1,612.05,1564268,967813094.6,615,615
613,613.1,603.2,605.85,596682,362471240.8,613,613.1,603.2,605.85,596682,362471240.8,605.95,605.95
608,608.5,590,591.8,1264055,751874917.7,608,608.5,590,591.8,1264055,751874917.7,592.15,592.15
591.9,597,580.2,590.25,1050098,618808220,591.9,597,580.2,590.25,1050098,618808220,587.05,587.05
586,593.9,575.1,579,998752,585668646.3,586,593.9,575.1,579,998752,585668646.3,581.15,581.15
576,582.1,571.2,580.1,797017,459310065.9,576,582.1,571.2,580.1,797017,459310065.9,580.1,580.1
561,572,558.05,561.95,1284112,723724433.9,561,572,558.05,561.95,1284112,723724433.9,564.25,564.25
578.5,579.9,554.2,570,3161498,1786896466,578.5,579.9,554.2,570,3161498,1786896466,569.25,569.25
584,617.15,580.15,616,8349913,5054434530,584,617.15,580.15,616,8349913,5054434530,612.65,612.65
595,626,595,626,2373799,1454947096,595,626,595,626,2373799,1454947096,621.4,621.4
629.35,635,618.85,621,1957424,1226965228,629.35,635,618.85,621,1957424,1226965228,621.65,621.65
622.1,630.3,611.5,613.25,1306512,812072619.5,622.1,630.3,611.5,613.25,1306512,812072619.5,616.15,616.15
613.25,621.45,602.95,606.05,1391858,852958651.4,613.25,621.45,602.95,606.05,1391858,852958651.4,605.85,605.85
611.3,613.95,605.5,609.4,906025,552829097.5,611.3,613.95,605.5,609.4,906025,552829097.5,611.1,611.1
612,612.15,594.35,600.95,1216005,730333179.6,612,612.15,594.35,600.95,1216005,730333179.6,600.4,600.4
603.45,606.1,592,603.5,1599249,957469220.4,603.45,606.1,592,603.5,1599249,957469220.4,603.45,603.45
607,607.75,589.25,595,1409752,841941842.6,607,607.75,589.25,595,1409752,841941842.6,597.25,597.25
595,597.25,586.6,588,1859008,1098451899,595,597.25,586.6,588,1859008,1098451899,589.65,589.65
591.8,605,590,594,1576584,942521102.6,591.8,605,590,594,1576584,942521102.6,595.65,595.65
596.25,598.3,588.75,589.5,1417465,840072974.7,596.25,598.3,588.75,589.5,1417465,840072974.7,590.1,590.1
591.7,598.9,583.1,586.65,1349590,796305481.2,591.7,598.9,583.1,586.65,1349590,796305481.2,586.5,586.5
590,596.6,587.1,591,2255189,1335695162,590,596.6,587.1,591,2255189,1335695162,589.65,589.65
593.9,593.9,580.4,585,1343806,786663635.4,593.9,593.9,580.4,585,1343806,786663635.4,581.7,581.7
582.1,585,578.05,580.5,1179725,685205241.6,582.1,585,578.05,580.5,1179725,685205241.6,579.25,579.25
581.6,589.4,580.05,585,1891302,1107025404,581.6,589.4,580.05,585,1891302,1107025404,584.1,584.1
587.45,589.1,578.2,580,1849650,1079256442,587.45,589.1,578.2,580,1849650,1079256442,580.2,580.2
584,584,574,576,1084582,627977637.4,584,584,574,576,1084582,627977637.4,578,578
579.95,585.2,568.05,572.9,1149194,663134195.5,579.95,585.2,568.05,572.9,1149194,663134195.5,571.05,571.05
575.05,582.2,563.55,578.7,919792,527827403.2,575.05,582.2,563.55,578.7,919792,527827403.2,580.65,580.65
579,582.9,575.15,580.35,801792,464496251,579,582.9,575.15,580.35,801792,464496251,578.75,578.75
578.35,583.8,571.65,577.6,811747,467504896.7,578.35,583.8,571.65,577.6,811747,467504896.7,577.9,577.9
578,579.6,569,570.75,849222,487105092.8,578,579.6,569,570.75,849222,487105092.8,571.15,571.15
570.1,574,557.05,561.85,1867538,1048914216,570.1,574,557.05,561.85,1867538,1048914216,559.4,559.4
563.65,566.9,555.4,556.4,1447941,812007561.8,563.65,566.9,555.4,556.4,1447941,812007561.8,559.75,559.75
555.1,561.85,522.9,555.25,9119209,4985721540,555.1,561.85,522.9,555.25,9119209,4985721540,552.9,552.9
558.5,567.45,546.4,551,3091963,1729908903,558.5,567.45,546.4,551,3091963,1729908903,551.05,551.05
551.9,555,538.15,540.5,1506405,821921006.4,551.9,555,538.15,540.5,1506405,821921006.4,540.75,540.75
539,540.7,534,536.2,1203262,646784724.2,539,540.7,534,536.2,1203262,646784724.2,538.4,538.4
538.15,544.6,532.95,541.5,1105319,598055510.4,538.15,544.6,532.95,541.5,1105319,598055510.4,541.8,541.8
541,549,541,545,2206872,1202624571,541,549,541,545,2206872,1202624571,545.05,545.05
544,548.8,534,546.05,2667979,1446077238,544,548.8,534,546.05,2667979,1446077238,545.45,545.45
548,578.95,545.9,578,2823880,1606680224,548,578.95,545.9,578,2823880,1606680224,576.25,576.25
572,578.35,568.8,571,2493190,1427080986,572,578.35,568.8,571,2493190,1427080986,570.3,570.3
572.35,575.45,564.5,571.5,1852997,1055012101,572.35,575.45,564.5,571.5,1852997,1055012101,569.8,569.8
574,578.55,558.35,560,2396864,1351681592,574,578.55,558.35,560,2396864,1351681592,560.35,560.35
560.3,571,557.25,559.8,2420324,1361154204,560.3,571,557.25,559.8,2420324,1361154204,558.95,558.95
565.9,565.9,555.5,555.7,1470765,823112935.2,565.9,565.9,555.5,555.7,1470765,823112935.2,556.75,556.75
558,567,556.6,557.7,1591682,893938904.3,558,567,556.6,557.7,1591682,893938904.3,558.15,558.15
560.7,564,558.5,560,1789789,1003733353,560.7,564,558.5,560,1789789,1003733353,561.5,561.5
562.9,562.95,554.8,556,1309557,730112683.2,562.9,562.95,554.8,556,1309557,730112683.2,556.15,556.15
557.55,561.15,552.55,554.95,1019158,567511498.6,557.55,561.15,552.55,554.95,1019158,567511498.6,555.5,555.5
553.05,587.8,553.05,585.05,6741354,3891675302,553.05,587.8,553.05,585.05,6741354,3891675302,584.95,584.95
585.55,588.35,575.7,580,2688507,1562710727,585.55,588.35,575.7,580,2688507,1562710727,579.95,579.95
582,597,582,586.05,3853951,2273651439,582,597,582,586.05,3853951,2273651439,584.6,584.6
584.25,592,583.05,584,1525419,894034469.5,584.25,592,583.05,584,1525419,894034469.5,584.4,584.4
582.35,593.4,581.5,590,1641179,965603063,582.35,593.4,581.5,590,1641179,965603063,589.05,589.05
576,601.75,576,601,3016500,1789296636,576,601.75,576,601,3016500,1789296636,600.15,600.15
601,604.9,595.1,601.6,2782988,1672269255,601,604.9,595.1,601.6,2782988,1672269255,601.9,601.9
600.5,600.5,586.2,592.5,1125208,665987834.4,600.5,600.5,586.2,592.5,1125208,665987834.4,593.05,593.05
591,602.9,590.55,598.9,1503008,899380161.3,591,602.9,590.55,598.9,1503008,899380161.3,599.95,599.95
602,607,593,601,1031376,619327441.2,602,607,593,601,1031376,619327441.2,599.85,599.85
602.2,609,602,605.95,687828,416686921.7,602.2,609,602,605.95,687828,416686921.7,607.4,607.4
610,621.9,608.95,611.5,1862999,1146600368,610,621.9,608.95,611.5,1862999,1146600368,612,612
613,613.1,597,611.9,999887,603247518.7,613,613.1,597,611.9,999887,603247518.7,609.3,609.3
612.1,612.45,595.5,597.3,925559,556296303.2,612.1,612.45,595.5,597.3,925559,556296303.2,597,597
598.6,600.1,585,590.9,1046885,619416058.9,598.6,600.1,585,590.9,1046885,619416058.9,591.05,591.05
592.4,601.95,586.55,591.35,1039491,616281459.6,592.4,601.95,586.55,591.35,1039491,616281459.6,590.65,590.65
591.4,596,585.55,589.6,652527,384781027.3,591.4,596,585.55,589.6,652527,384781027.3,588,588
594,594.6,572.5,574.1,2163326,1259006483,594,594.6,572.5,574.1,2163326,1259006483,575.5,575.5
577.05,580.75,565.1,574.75,921890,528305650.3,577.05,580.75,565.1,574.75,921890,528305650.3,573.7,573.7
575,580.5,570.85,578.8,888370,512074947.5,575,580.5,570.85,578.8,888370,512074947.5,578.5,578.5
579.8,593,573.1,575,2049528,1186159828,579.8,593,573.1,575,2049528,1186159828,575.8,575.8
575,575,546,556.2,4071898,2271323302,575,575,546,556.2,4071898,2271323302,559.9,559.9
557.9,560,538.8,554.8,3719963,2044638130,557.9,560,538.8,554.8,3719963,2044638130,553.75,553.75
555,556,530,531.6,1708157,923506119.4,555,556,530,531.6,1708157,923506119.4,533.05,533.05
531.65,536.8,516,518.5,2013336,1057616194,531.65,536.8,516,518.5,2013336,1057616194,520.45,520.45
524.8,531.1,507.2,525,3080285,1603038681,524.8,531.1,507.2,525,3080285,1603038681,524,524
515,564.9,515,534,7413823,4026910540,515,564.9,515,534,7413823,4026910540,532.4,532.4
536.5,544.55,530,534.95,1925524,1032199520,536.5,544.55,530,534.95,1925524,1032199520,533.5,533.5
538.85,538.85,527.5,535.55,1525355,813147256.7,538.85,538.85,527.5,535.55,1525355,813147256.7,536.65,536.65
534,548.3,534,540.8,1460566,793141164.6,534,548.3,534,540.8,1460566,793141164.6,539.5,539.5
539.1,542.6,527.7,530.65,2656979,1416811582,539.1,542.6,527.7,530.65,2656979,1416811582,530.6,530.6
529.1,529.1,519.55,525.4,2156315,1131408459,529.1,529.1,519.55,525.4,2156315,1131408459,525.6,525.6
528.6,533.65,521.05,522.75,3539206,1860285407,528.6,533.65,521.05,522.75,3539206,1860285407,524.8,524.8
526.95,530.75,521.05,524.8,1625446,853986002.9,526.95,530.75,521.05,524.8,1625446,853986002.9,524.5,524.5
527.5,529,517.15,519.85,1247023,651879304.8,527.5,529,517.15,519.85,1247023,651879304.8,520.7,520.7
520.3,544.75,517.7,542.1,3398337,1812783112,520.3,544.75,517.7,542.1,3398337,1812783112,542.1,542.1
542.1,548,533.4,538.35,2909756,1571301491,542.1,548,533.4,538.35,2909756,1571301491,538.45,538.45
541.95,542.55,537.2,540.5,1119973,604631434.1,541.95,542.55,537.2,540.5,1119973,604631434.1,540.7,540.7
541.8,562,538.75,557,4815940,2669543517,541.8,562,538.75,557,4815940,2669543517,559.65,559.65
560,570,559,559.75,3113604,1756473524,560,570,559,559.75,3113604,1756473524,560.8,560.8
561.9,573,561,566.9,3234303,1839623001,561.9,573,561,566.9,3234303,1839623001,567.1,567.1
569.95,593.5,569.95,581.95,4657712,2720956242,569.95,593.5,569.95,581.95,4657712,2720956242,582.1,582.1
588.95,592.9,583.5,589.8,3244655,1905551368,588.95,592.9,583.5,589.8,3244655,1905551368,588.05,588.05
590,614.55,589.8,610.05,7125922,4319039872,590,614.55,589.8,610.05,7125922,4319039872,611.6,611.6
612,618.8,600.3,606.15,2518169,1532872480,612,618.8,600.3,606.15,2518169,1532872480,606.5,606.5
606.25,610.45,598.2,601.5,2992184,1806562737,606.25,610.45,598.2,601.5,2992184,1806562737,601.85,601.85
613,622.75,600.35,603.7,9121187,5571631192,613,622.75,600.35,603.7,9121187,5571631192,602.85,602.85
608.8,609.7,602,604,3052143,1848921553,608.8,609.7,602,604,3052143,1848921553,603.5,603.5
604,618.05,595.25,614.85,3245849,1971411045,604,618.05,595.25,614.85,3245849,1971411045,615.75,615.75
615.1,622.55,608,608.95,3253606,1995014481,615.1,622.55,608,608.95,3253606,1995014481,611.4,611.4
606,608.7,597.25,600.1,2323337,1397249234,606,608.7,597.25,600.1,2323337,1397249234,599.5,599.5
602.5,606.95,593,605.5,2520918,1513771652,602.5,606.95,593,605.5,2520918,1513771652,602.3,602.3
604.5,609.9,596,600.2,4173735,2510041080,604.5,609.9,596,600.2,4173735,2510041080,600.9,600.9
601.5,619.9,599.9,618,1525608,929710455.1,601.5,619.9,599.9,618,1525608,929710455.1,616.65,616.65
620,620,611,617,1502606,924009942.8,620,620,611,617,1502606,924009942.8,617,617
617,644.65,608.05,643,5271600,3326784431,617,644.65,608.05,643,5271600,3326784431,640.4,640.4
644.95,648,623.8,627.75,5043141,3208523097,644.95,648,623.8,627.75,5043141,3208523097,628.9,628.9
632,637,623.1,625.4,2127794,1344097471,632,637,623.1,625.4,2127794,1344097471,626.55,626.55
624.9,631,610.4,612.45,2514518,1561577598,624.9,631,610.4,612.45,2514518,1561577598,612.5,612.5
616.85,625,615,624.2,1462808,907958103,616.85,625,615,624.2,1462808,907958103,622.9,622.9
626.6,633.9,620.15,630.5,1872744,1175133292,626.6,633.9,620.15,630.5,1872744,1175133292,632.05,632.05
626.3,630.5,621.3,622.5,1669583,1044807560,626.3,630.5,621.3,622.5,1669583,1044807560,625.3,625.3
629.4,636.7,622.7,634,2177684,1375184217,629.4,636.7,622.7,634,2177684,1375184217,633.35,633.35
634,634,624.2,627,1475306,926384293.9,634,634,624.2,627,1475306,926384293.9,626.7,626.7
629.4,636,611.15,618.1,2211200,1382541977,629.4,636,611.15,618.1,2211200,1382541977,620.95,620.95
621.9,639.6,620.1,636.3,2228377,1413519491,621.9,639.6,620.1,636.3,2228377,1413519491,637.45,637.45
640,644,625.1,629.8,2348371,1486265102,640,644,625.1,629.8,2348371,1486265102,627.4,627.4
629.8,632.1,606.15,613.15,1424272,882216681.1,629.8,632.1,606.15,613.15,1424272,882216681.1,610.1,610.1
614.95,630,602.15,625.85,2832150,1737953962,614.95,630,602.15,625.85,2832150,1737953962,625.8,625.8
623.15,637.3,617.25,634,1553101,976789250.9,623.15,637.3,617.25,634,1553101,976789250.9,634.1,634.1
633.95,633.95,624.5,625.65,1319369,828732583.2,633.95,633.95,624.5,625.65,1319369,828732583.2,627.35,627.35
629,631,613.45,621.2,1413265,877033968.7,629,631,613.45,621.2,1413265,877033968.7,623.9,623.9
619,631.25,617.45,627.45,3163498,1984448082,619,631.25,617.45,627.45,3163498,1984448082,627.85,627.85
627.75,641.9,625.9,635.15,1508269,957124528.3,627.75,641.9,625.9,635.15,1508269,957124528.3,636.2,636.2
633,636.25,628,635,990056,626129443.1,633,636.25,628,635,990056,626129443.1,634.3,634.3
636.95,647,628.1,640,2469759,1580040797,636.95,647,628.1,640,2469759,1580040797,641.35,641.35
641,641.55,635,638,2411436,1537895015,641,641.55,635,638,2411436,1537895015,639.15,639.15
635,651.9,633.05,639,3974559,2556689043,635,651.9,633.05,639,3974559,2556689043,638.5,638.5
640.95,647.6,639,640,1530341,983017340,640.95,647.6,639,640,1530341,983017340,641.05,641.05
647,648.8,635.3,638.1,2716402,1742357364,647,648.8,635.3,638.1,2716402,1742357364,637.95,637.95
642.9,642.9,627.1,628.05,2414434,1521846099,642.9,642.9,627.1,628.05,2414434,1521846099,629.45,629.45
629,645.45,623.6,644.1,4121062,2601228895,629,645.45,623.6,644.1,4121062,2601228895,632.55,632.55
649,662.5,616.7,621.05,9996909,6368945007,649,662.5,616.7,621.05,9996909,6368945007,619.15,619.15
624.95,628.5,614.5,621.1,3168280,1971268224,624.95,628.5,614.5,621.1,3168280,1971268224,621.05,621.05
622,631.55,619.2,628.4,2374657,1491562567,622,631.55,619.2,628.4,2374657,1491562567,628.3,628.3
629.1,647,624,645.95,2451003,1562478262,629.1,647,624,645.95,2451003,1562478262,642.75,642.75
644.7,660,634.25,649.95,3925549,2555413084,644.7,660,634.25,649.95,3925549,2555413084,648.35,648.35
650.05,655.5,643.7,646,2915387,1896098617,650.05,655.5,643.7,646,2915387,1896098617,646.9,646.9
649.9,653.5,642.4,645,1296664,837498804.9,649.9,653.5,642.4,645,1296664,837498804.9,643.85,643.85
647.9,654.45,644,651.55,1981523,1286212692,647.9,654.45,644,651.55,1981523,1286212692,650.25,650.25
653.45,665,652.7,655.75,2891829,1910216414,653.45,665,652.7,655.75,2891829,1910216414,657.95,657.95
658,658,645,651.9,1904031,1235846442,658,658,645,651.9,1904031,1235846442,651.2,651.2
653,662.5,648.2,658.65,1381724,903208091.9,653,662.5,648.2,658.65,1381724,903208091.9,659.6,659.6
662,677.5,644.65,648,5237362,3482873163,662,677.5,644.65,648,5237362,3482873163,648.3,648.3
650,653.65,640,641.65,1891523,1223477209,650,653.65,640,641.65,1891523,1223477209,643.5,643.5
645,651.9,640.5,649.55,2124122,1374842563,645,651.9,640.5,649.55,2124122,1374842563,649.45,649.45
649.55,664,649.55,661.15,3056580,2018661479,649.55,664,649.55,661.15,3056580,2018661479,662.15,662.15
665.5,671.2,646.6,649.7,1971733,1303964742,665.5,671.2,646.6,649.7,1971733,1303964742,649.1,649.1
649.8,655,638.4,645.05,2249087,1450174595,649.8,655,638.4,645.05,2249087,1450174595,643.9,643.9
645.05,650.9,637.2,646.7,2542543,1637817803,645.05,650.9,637.2,646.7,2542543,1637817803,646.55,646.55
651,664.7,647,661.5,2841096,1870229934,651,664.7,647,661.5,2841096,1870229934,662.1,662.1
663.85,669.5,656.3,664.75,2431363,1613368654,663.85,669.5,656.3,664.75,2431363,1613368654,664.75,664.75
665,678,664,666.35,3453432,2314364317,665,678,664,666.35,3453432,2314364317,668.05,668.05
670.1,675,650.6,654.9,3399042,2258401868,670.1,675,650.6,654.9,3399042,2258401868,654.9,654.9
654.9,662,643.25,653.75,3302191,2157111700,654.9,662,643.25,653.75,3302191,2157111700,656.45,656.45
664,670,659.05,664,1512857,1007329172,664,670,659.05,664,1512857,1007329172,666.4,666.4
673,673,660.4,663.9,2220455,1479121931,673,673,660.4,663.9,2220455,1479121931,664.9,664.9
665,673,660.6,663.3,1814726,1212198602,665,673,660.6,663.3,1814726,1212198602,663.7,663.7
668,678.45,645.75,662.05,3043018,2028683317,668,678.45,645.75,662.05,3043018,2028683317,660.6,660.6
668,671.55,638.4,660,2276641,1499364379,668,671.55,638.4,660,2276641,1499364379,653.2,653.2
662,668.95,640.8,643.7,2766326,1817041128,662,668.95,640.8,643.7,2766326,1817041128,645.6,645.6
644,665.8,643,661.35,2295464,1510562376,644,665.8,643,661.35,2295464,1510562376,661.75,661.75
664.45,675.25,656,671.95,2131833,1427903159,664.45,675.25,656,671.95,2131833,1427903159,672.8,672.8
675,677,655.95,657.5,3433359,2279595547,675,677,655.95,657.5,3433359,2279595547,659.35,659.35
659.35,663,647.2,650,1862405,1219582363,659.35,663,647.2,650,1862405,1219582363,654.05,654.05
653.05,659,643.5,657,1309530,850920088.9,653.05,659,643.5,657,1309530,850920088.9,654.15,654.15
650,663.95,650,654.6,1533990,1008642351,650,663.95,650,654.6,1533990,1008642351,654.55,654.55
650.1,654.65,632.1,639.5,1736407,1117319955,650.1,654.65,632.1,639.5,1736407,1117319955,638.4,638.4
635.3,649.55,631,640,1806150,1159424879,635.3,649.55,631,640,1806150,1159424879,636.65,636.65
636.6,642.65,628.45,636.55,1564640,995776796.8,636.6,642.65,628.45,636.55,1564640,995776796.8,638.8,638.8
639.5,643.1,625.25,639.6,1535781,975965011.9,639.5,643.1,625.25,639.6,1535781,975965011.9,639.35,639.35
639.35,651,633.3,639.65,1881053,1207058897,639.35,651,633.3,639.65,1881053,1207058897,639.6,639.6
627.5,633.8,613.05,617,1707508,1067754770,627.5,633.8,613.05,617,1707508,1067754770,616.2,616.2
620,627.2,612.6,624.75,2085360,1292397728,620,627.2,612.6,624.75,2085360,1292397728,622.9,622.9
623,649.8,618.05,647.65,2666868,1707518476,623,649.8,618.05,647.65,2666868,1707518476,647.85,647.85
647.85,651.65,637.35,640,1510216,969262149.7,647.85,651.65,637.35,640,1510216,969262149.7,639.75,639.75
644.9,646,637,640.2,1280980,821028170.9,644.9,646,637,640.2,1280980,821028170.9,640.45,640.45
640.3,645.55,626.1,633.5,2267774,1434439042,640.3,645.55,626.1,633.5,2267774,1434439042,633.8,633.8
635.2,640.65,626.85,633.05,1399755,886719844.7,635.2,640.65,626.85,633.05,1399755,886719844.7,629.65,629.65
628.8,632,616,624.85,1370461,852966201,628.8,632,616,624.85,1370461,852966201,622.35,622.35
625.5,635,615.6,621.8,987144,614967843.1,625.5,635,615.6,621.8,987144,614967843.1,621.3,621.3
618.55,624,605.15,608.5,5739386,3506655994,618.55,624,605.15,608.5,5739386,3506655994,609,609
609.2,612.35,598.65,601.55,1935618,1168254386,609.2,612.35,598.65,601.55,1935618,1168254386,603.7,603.7
602.35,638.2,601.45,633,1614423,1005258784,602.35,638.2,601.45,633,1614423,1005258784,635.15,635.15
636,636.7,608.1,611,2418471,1495001810,636,636.7,608.1,611,2418471,1495001810,610.35,610.35
612,631.75,606.3,624.85,2305046,1432910881,612,631.75,606.3,624.85,2305046,1432910881,629.25,629.25
630,631.95,614,615.9,1442392,892161409.6,630,631.95,614,615.9,1442392,892161409.6,615.4,615.4
619.95,619.95,605.5,606.65,1566053,957594210.2,619.95,619.95,605.5,606.65,1566053,957594210.2,607.1,607.1
607.4,617.5,557.1,562.5,12941350,7479960323,607.4,617.5,557.1,562.5,12941350,7479960323,563.05,563.05
555,555,527.35,529.95,16941828,9067507143,555,555,527.35,529.95,16941828,9067507143,530.8,530.8
536,536,532.1,533.35,698244,372613152.3,536,536,532.1,533.35,698244,372613152.3,533.35,533.35
535.5,535.8,524,526.9,6125274,3231077901,535.5,535.8,524,526.9,6125274,3231077901,526.95,526.95
530,541.9,529.05,530.8,7669697,4103115921,530,541.9,529.05,530.8,7669697,4103115921,531.85,531.85
534,534,526.5,527.5,2410643,1275031512,534,534,526.5,527.5,2410643,1275031512,528.1,528.1
530.6,532.6,517,520.9,2740756,1430470271,530.6,532.6,517,520.9,2740756,1430470271,519.55,519.55
521.9,525,514.45,521.8,2661535,1383652897,521.9,525,514.45,521.8,2661535,1383652897,519.15,519.15
521.7,534,521.1,531.15,3483625,1845160546,521.7,534,521.1,531.15,3483625,1845160546,530.6,530.6
535,536,523.95,529.5,1913914,1013787348,535,536,523.95,529.5,1913914,1013787348,528.25,528.25
528,529.85,518.65,520.1,1707971,893857057.4,528,529.85,518.65,520.1,1707971,893857057.4,520.7,520.7
522.8,528.05,521.3,522.2,1749806,916905739.3,522.8,528.05,521.3,522.2,1749806,916905739.3,522.15,522.15
523,525,511.75,518.2,2045318,1058507864,523,525,511.75,518.2,2045318,1058507864,517.95,517.95
520,523.75,512.8,522.55,1728468,898539139.6,520,523.75,512.8,522.55,1728468,898539139.6,522.1,522.1
526,526.95,513.05,517.8,2100159,1089980139,526,526.95,513.05,517.8,2100159,1089980139,517.65,517.65
519.2,523.95,513.6,515.4,2003272,1037586902,519.2,523.95,513.6,515.4,2003272,1037586902,515.3,515.3
518,526.4,516,525.5,2799578,1464929133,518,526.4,516,525.5,2799578,1464929133,524.7,524.7
528,542,527,540.6,3855382,2066747833,528,542,527,540.6,3855382,2066747833,540.85,540.85
542,545.4,534.1,536.3,2033213,1096730349,542,545.4,534.1,536.3,2033213,1096730349,535.8,535.8
536,549,535.05,545.35,3400053,1853739511,536,549,535.05,545.35,3400053,1853739511,546.45,546.45
546,548.9,525.3,530,2192065,1173417760,546,548.9,525.3,530,2192065,1173417760,528.45,528.45
528,528,511,516.7,2562048,1327241883,528,528,511,516.7,2562048,1327241883,515.3,515.3
520,530.65,512,513.65,3503808,1820735331,520,530.65,512,513.65,3503808,1820735331,513.6,513.6
509.9,514.85,503.1,512.5,2201377,1122854804,509.9,514.85,503.1,512.5,2201377,1122854804,512.55,512.55
503,523.95,503,521.05,2326059,1199045606,503,523.95,503,521.05,2326059,1199045606,518.7,518.7
522.9,534.3,521.1,532.05,1683131,885705011,522.9,534.3,521.1,532.05,1683131,885705011,531.3,531.3
532,533.8,519.2,528,2234487,1177638508,532,533.8,519.2,528,2234487,1177638508,527,527
528.35,533.8,516.65,522.05,1950888,1023332278,528.35,533.8,516.65,522.05,1950888,1023332278,521.75,521.75
524,529.35,520.7,524.7,1196871,627186993.1,524,529.35,520.7,524.7,1196871,627186993.1,523.65,523.65
524,527,520.05,523.6,1628240,851722124.9,524,527,520.05,523.6,1628240,851722124.9,522.9,522.9
524,528.6,522.55,524.45,1241000,652095063,524,528.6,522.55,524.45,1241000,652095063,524.75,524.75
523.7,526,515.4,520.4,2074097,1077708986,523.7,526,515.4,520.4,2074097,1077708986,520.25,520.25
521,523.95,514.3,517,1758710,911424251.2,521,523.95,514.3,517,1758710,911424251.2,516.65,516.65
518.8,520.8,513,517.7,1214348,628594153.5,518.8,520.8,513,517.7,1214348,628594153.5,518.8,518.8
515.6,519,507.3,515,1318560,675348050.5,515.6,519,507.3,515,1318560,675348050.5,514.3,514.3
518.9,521,514,520.4,1351636,698829316,518.9,521,514,520.4,1351636,698829316,517.9,517.9
514.3,525.35,514.3,522,1933464,1010465020,514.3,525.35,514.3,522,1933464,1010465020,522,522
522,526,517.2,519,1897948,986729979.5,522,526,517.2,519,1897948,986729979.5,519.5,519.5
520,524,518.65,522.75,1361809,710897918,520,524,518.65,522.75,1361809,710897918,523.05,523.05
521.9,522.5,513.15,514.3,1243067,641939610.5,521.9,522.5,513.15,514.3,1243067,641939610.5,514.55,514.55
516.5,520.5,511.2,512.2,2086150,1073257314,516.5,520.5,511.2,512.2,2086150,1073257314,512.4,512.4
513,514.9,508.05,512.25,1651456,845246260.4,513,514.9,508.05,512.25,1651456,845246260.4,512.8,512.8
516,517.75,510.3,513.8,1168002,601248667.9,516,517.75,510.3,513.8,1168002,601248667.9,514.05,514.05
516,517.2,511.25,514,1765015,906313071,516,517.2,511.25,514,1765015,906313071,513.65,513.65
515.55,516.75,507.5,510.4,1929305,984697636.1,515.55,516.75,507.5,510.4,1929305,984697636.1,510.1,510.1
509,514.9,509,514.5,1252439,642102129.8,509,514.9,509,514.5,1252439,642102129.8,513.25,513.25
513.4,519,508.25,510.95,2051418,1051988870,513.4,519,508.25,510.95,2051418,1051988870,510.2,510.2
510.2,514,505.6,513.25,1472415,748876394.8,510.2,514,505.6,513.25,1472415,748876394.8,511.95,511.95
514.5,515.35,509.5,515,1177377,604436661.5,514.5,515.35,509.5,515,1177377,604436661.5,514.95,514.95
515,515.95,509,511.3,1446921,740353906.6,515,515.95,509,511.3,1446921,740353906.6,511.5,511.5
512.5,514.95,507.6,509.25,1598184,816444144.8,512.5,514.95,507.6,509.25,1598184,816444144.8,509.6,509.6
510.2,513,507.3,509.2,1502360,766454916.2,510.2,513,507.3,509.2,1502360,766454916.2,509.4,509.4
510,514.2,508.2,509.05,1150380,587513166.6,510,514.2,508.2,509.05,1150380,587513166.6,509.25,509.25
510,511.4,502.45,506.85,1455953,737265270.6,510,511.4,502.45,506.85,1455953,737265270.6,507.1,507.1
510,511.7,507.1,509.05,1358623,692038421.9,510,511.7,507.1,509.05,1358623,692038421.9,509.3,509.3
510,510.7,496.1,501.35,1620195,816611408.6,510,510.7,496.1,501.35,1620195,816611408.6,500.7,500.7
502.1,508.6,501.35,508.4,1193442,602992984.8,502.1,508.6,501.35,508.4,1193442,602992984.8,507.65,507.65
509,509,489.1,491.9,3215535,1586441907,509,509,489.1,491.9,3215535,1586441907,492.15,492.15
489.1,507.55,483.75,501,2675481,1337086292,489.1,507.55,483.75,501,2675481,1337086292,505.05,505.05
504.95,507.1,497.7,504.25,1524621,767831113.4,504.95,507.1,497.7,504.25,1524621,767831113.4,505.8,505.8
506,519.85,504.25,516.15,2203919,1129445712,506,519.85,504.25,516.15,2203919,1129445712,517.3,517.3
517.65,522.55,512.5,521.3,1380838,715949647.7,517.65,522.55,512.5,521.3,1380838,715949647.7,521.35,521.35
521,521,506.2,509.45,1480952,756988299.6,521,521,506.2,509.45,1480952,756988299.6,509.6,509.6
506.55,514,501.2,509.9,4358002,2209666966,506.55,514,501.2,509.9,4358002,2209666966,508,508
510.5,546.7,504.1,545.1,8775759,4589285443,510.5,546.7,504.1,545.1,8775759,4589285443,534.95,534.95
537.1,546.6,528.15,532,4417618,2365347684,537.1,546.6,528.15,532,4417618,2365347684,532.9,532.9
532.85,543.7,531.2,534.7,2747159,1477186465,532.85,543.7,531.2,534.7,2747159,1477186465,534.25,534.25
538.7,545.9,535.85,543.2,2989919,1621538876,538.7,545.9,535.85,543.2,2989919,1621538876,543.3,543.3
540.05,545.7,536.1,543.05,2252766,1222844597,540.05,545.7,536.1,543.05,2252766,1222844597,543.3,543.3
543,545.65,538.2,542.95,1752070,949930331.3,543,545.65,538.2,542.95,1752070,949930331.3,543.5,543.5
542.9,556,537.4,542.1,2766535,1511389735,542.9,556,537.4,542.1,2766535,1511389735,542.9,542.9
540,551.4,528.5,541.9,2491806,1341296847,540,551.4,528.5,541.9,2491806,1341296847,540.55,540.55
540.55,540.55,540.55,540.55,2904657,1570112341,540.55,540.55,540.55,540.55,2904657,1570112341,540.55,540.55
542,545.05,532.3,541,1590101,855158051.2,542,545.05,532.3,541,1590101,855158051.2,541.15,541.15
544.8,545,536.75,539.45,1879600,1017299772,544.8,545,536.75,539.45,1879600,1017299772,539.65,539.65
540.2,543.2,538.65,543.2,1208930,653847908,540.2,543.2,538.65,543.2,1208930,653847908,541.1,541.1
542.85,547.9,540.5,546,1093548,595979525.2,542.85,547.9,540.5,546,1093548,595979525.2,545.5,545.5
543.8,546.1,539.1,541.5,1592112,861821992.3,543.8,546.1,539.1,541.5,1592112,861821992.3,541.3,541.3
541.3,541.3,541.3,541.3,2660656,1440213093,541.3,541.3,541.3,541.3,2660656,1440213093,541.3,541.3
541.5,550.85,541,547.05,1961905,1073662736,541.5,550.85,541,547.05,1961905,1073662736,548.3,548.3
545.1,553.65,538.05,547.95,1952961,1067348625,545.1,553.65,538.05,547.95,1952961,1067348625,550.4,550.4
551,555.35,544.25,550.2,2389977,1315522201,551,555.35,544.25,550.2,2389977,1315522201,551.9,551.9
555,558.3,546,555.25,2618486,1444944178,555,558.3,546,555.25,2618486,1444944178,554.55,554.55
555,555.3,547.4,550.7,2430914,1337226766,555,555.3,547.4,550.7,2430914,1337226766,551.55,551.55
550,551.5,546.55,547.65,1644098,903011019.2,550,551.5,546.55,547.65,1644098,903011019.2,548.65,548.65
551,552,541.95,546.8,1587182,867600860.2,551,552,541.95,546.8,1587182,867600860.2,547.55,547.55
547.65,550,539.65,542.95,1144534,622725277.3,547.65,550,539.65,542.95,1144534,622725277.3,541.35,541.35
541,543.4,538.25,538.75,2618767,1416853803,541,543.4,538.25,538.75,2618767,1416853803,539.95,539.95
542,542,535.5,540,2342102,1263481202,542,542,535.5,540,2342102,1263481202,540.1,540.1
541.9,543.65,537.3,538,2049339,1106576348,541.9,543.65,537.3,538,2049339,1106576348,538.75,538.75
542,542.5,531,533,1582245,846974426.5,542,542.5,531,533,1582245,846974426.5,532.8,532.8
532.05,534.1,530.5,532.55,1490894,794042596.9,532.05,534.1,530.5,532.55,1490894,794042596.9,532.75,532.75
534.1,535.4,528.95,532.2,2019240,1075695823,534.1,535.4,528.95,532.2,2019240,1075695823,532.6,532.6
533.05,535.8,529,535,1266863,675790418.7,533.05,535.8,529,535,1266863,675790418.7,534.5,534.5
537.15,537.7,530.2,533.4,874797,467351140.8,537.15,537.7,530.2,533.4,874797,467351140.8,533.65,533.65
532,534.8,531.1,533.25,1255306,669149245,532,534.8,531.1,533.25,1255306,669149245,533.25,533.25
534.9,539,523.6,527,1579084,838214435.9,534.9,539,523.6,527,1579084,838214435.9,526.8,526.8
525.6,528.7,516.2,526,1874898,981213600.5,525.6,528.7,516.2,526,1874898,981213600.5,526.85,526.85
528.5,532.5,525.7,529.15,3044792,1609231646,528.5,532.5,525.7,529.15,3044792,1609231646,529.3,529.3
531.4,533.6,524.05,525.3,1217387,640951433.9,531.4,533.6,524.05,525.3,1217387,640951433.9,525.5,525.5
525.3,527.35,522.3,525.6,4133379,2171557356,525.3,527.35,522.3,525.6,4133379,2171557356,525.6,525.6
525.75,530.7,524,527.45,2162632,1140712757,525.75,530.7,524,527.45,2162632,1140712757,528.9,528.9
516.3,528.75,516.3,526.75,4091454,2148258621,516.3,528.75,516.3,526.75,4091454,2148258621,525.65,525.65
529.95,529.95,521.15,522.25,1268431,664657979.9,529.95,529.95,521.15,522.25,1268431,664657979.9,522.65,522.65
523,524.8,519.1,520.5,3276338,1713000983,523,524.8,519.1,520.5,3276338,1713000983,520.45,520.45
519,522,517.5,520.1,5555991,2892449704,519,522,517.5,520.1,5555991,2892449704,521,521
531.4,541,526,532.1,9784780,5235852144,531.4,541,526,532.1,9784780,5235852144,532.1,532.1
536.5,536.9,522.7,526.25,2429845,1279642560,536.5,536.9,522.7,526.25,2429845,1279642560,525.4,525.4
526.25,534.5,525.4,531.5,2301681,1220697377,526.25,534.5,525.4,531.5,2301681,1220697377,532,532
531.55,551.75,530.8,546.45,5992326,3274229711,531.55,551.75,530.8,546.45,5992326,3274229711,546.45,546.45
546.35,554.7,542,545.3,2977870,1634911741,546.35,554.7,542,545.3,2977870,1634911741,544.85,544.85
547.95,556.7,545.3,553,4347530,2402737962,547.95,556.7,545.3,553,4347530,2402737962,554.85,554.85
555,569.2,552,566.7,2252373,1261588699,555,569.2,552,566.7,2252373,1261588699,566.3,566.3
570,571.75,556.6,558.65,2246831,1262167293,570,571.75,556.6,558.65,2246831,1262167293,559.35,559.35
562,566.65,553.2,561,2306549,1292807482,562,566.65,553.2,561,2306549,1292807482,561.55,561.55
560,566,556.6,560,1205612,677612519.6,560,566,556.6,560,1205612,677612519.6,561.1,561.1
562.5,575.95,560.4,562,2179959,1234610677,562.5,575.95,560.4,562,2179959,1234610677,561.7,561.7
561.4,564.5,553.2,558.7,1896565,1059439547,561.4,564.5,553.2,558.7,1896565,1059439547,558.55,558.55
558.7,563.95,551.15,558.25,2416194,1347614397,558.7,563.95,551.15,558.25,2416194,1347614397,555.6,555.6
558.25,572.9,557.2,568.6,2593397,1471611373,558.25,572.9,557.2,568.6,2593397,1471611373,567.95,567.95
569.9,571.05,558.65,563,1914026,1079264962,569.9,571.05,558.65,563,1914026,1079264962,565,565
563,569.7,556.7,568,1700976,958002277.6,563,569.7,556.7,568,1700976,958002277.6,565.6,565.6
568,573,561.65,562.95,2758638,1563608341,568,573,561.65,562.95,2758638,1563608341,564.5,564.5
556,564.5,556,564,1715311,962740282,556,564.5,556,564,1715311,962740282,563.35,563.35
564,566.3,555.15,557.25,1478212,828716850.2,564,566.3,555.15,557.25,1478212,828716850.2,557.95,557.95
556,561.4,549,560,1890174,1050132123,556,561.4,549,560,1890174,1050132123,558,558
559.9,561.05,548.7,556.1,1672967,927262424.9,559.9,561.05,548.7,556.1,1672967,927262424.9,557.75,557.75
557.75,562.7,551,552.8,1687480,940338775.4,557.75,562.7,551,552.8,1687480,940338775.4,555.55,555.55
552,556.75,529.6,550.15,2027570,1113590825,552,556.75,529.6,550.15,2027570,1113590825,546.7,546.7
546,560.75,541.2,555.6,1822829,1006336458,546,560.75,541.2,555.6,1822829,1006336458,556,556
554,562.5,551.5,555,1396473,778160305.5,554,562.5,551.5,555,1396473,778160305.5,555.7,555.7
554,556.7,541.05,549.15,2589467,1422280304,554,556.7,541.05,549.15,2589467,1422280304,550.2,550.2
549,551.95,541,542.85,1194005,650569870,549,551.95,541,542.85,1194005,650569870,544.15,544.15
560,567,550.4,565.9,1586746,888870091.7,560,567,550.4,565.9,1586746,888870091.7,565.45,565.45
565.45,580,552.75,558.65,4286383,2430185294,565.45,580,552.75,558.65,4286383,2430185294,559.35,559.35
562,574,550.05,553.9,7762734,4369865686,562,574,550.05,553.9,7762734,4369865686,553,553
561.9,568.9,543.75,565.2,5640728,3160630323,561.9,568.9,543.75,565.2,5640728,3160630323,564.75,564.75
569.2,572.5,559.45,570.3,1796355,1019898070,569.2,572.5,559.45,570.3,1796355,1019898070,570.6,570.6
570,586,568,577.5,1959075,1136031109,570,586,568,577.5,1959075,1136031109,578.7,578.7
579,584.2,571.5,578.05,2469586,1427500705,579,584.2,571.5,578.05,2469586,1427500705,577.95,577.95
577.4,582.45,559.9,561.75,1948077,1114218559,577.4,582.45,559.9,561.75,1948077,1114218559,564.35,564.35
560.1,563.5,554.25,562,2577559,1444405598,560.1,563.5,554.25,562,2577559,1444405598,561.95,561.95
562.7,569,550.85,558.55,1912387,1072376365,562.7,569,550.85,558.55,1912387,1072376365,558.85,558.85
559,569.45,552.5,568,1284381,721993789.8,559,569.45,552.5,568,1284381,721993789.8,568.25,568.25
564,575,561.1,561.2,1558827,883110952.7,564,575,561.1,561.2,1558827,883110952.7,562.65,562.65
565,568.3,556.55,559.85,1750285,985275084.9,565,568.3,556.55,559.85,1750285,985275084.9,559.8,559.8
565,565,542,549.55,2696228,1480186756,565,565,542,549.55,2696228,1480186756,549.5,549.5
550.6,562.6,550,554.35,1708042,949373536.1,550.6,562.6,550,554.35,1708042,949373536.1,554.55,554.55
555.4,566.4,551,562,2518184,1411648069,555.4,566.4,551,562,2518184,1411648069,559.85,559.85
558.9,567,556.25,562,1253337,705445985.2,558.9,567,556.25,562,1253337,705445985.2,561.6,561.6
560.05,566.6,559.25,563,1594956,899252138.9,560.05,566.6,559.25,563,1594956,899252138.9,564.6,564.6
560.15,564.45,554.15,555.6,1808363,1010028892,560.15,564.45,554.15,555.6,1808363,1010028892,555.6,555.6
555.5,556.6,543.85,545.15,1267159,695879344.5,555.5,556.6,543.85,545.15,1267159,695879344.5,545.15,545.15
545.2,555.5,545.05,549.5,1257992,692678954.2,545.2,555.5,545.05,549.5,1257992,692678954.2,547.6,547.6
550.6,551.9,532.55,533.3,1137906,615945772.4,550.6,551.9,532.55,533.3,1137906,615945772.4,533.7,533.7
531.8,552.45,528.65,551.9,1986432,1075387805,531.8,552.45,528.65,551.9,1986432,1075387805,551.3,551.3
549.85,553.8,545.2,550.2,1534007,844273537.4,549.85,553.8,545.2,550.2,1534007,844273537.4,551.55,551.55
548.55,552.45,545.1,550,981017,538578146.2,548.55,552.45,545.1,550,981017,538578146.2,549.9,549.9
548.95,554.95,546.55,550.05,805704,443848913,548.95,554.95,546.55,550.05,805704,443848913,550.05,550.05
550,558.8,548,556.85,1020879,566945446.2,550,558.8,548,556.85,1020879,566945446.2,556.55,556.55
556.85,563.9,550.3,550.8,1323494,735916240.5,556.85,563.9,550.3,550.8,1323494,735916240.5,551.95,551.95
551.9,556.7,546.35,552.05,996578,549764365.8,551.9,556.7,546.35,552.05,996578,549764365.8,553.45,553.45
555.7,559.35,553.15,555,565463,314559815.4,555.7,559.35,553.15,555,565463,314559815.4,555.8,555.8
557.15,558.5,551.5,555.55,565414,313622940.1,557.15,558.5,551.5,555.55,565414,313622940.1,555.35,555.35
555.35,556.7,549.45,554.65,797387,439826937.9,555.35,556.7,549.45,554.65,797387,439826937.9,553.25,553.25
554.65,555.65,550.6,551.5,639531,353000693.8,554.65,555.65,550.6,551.5,639531,353000693.8,551.55,551.55
551.55,554.25,549.2,550,796604,438514348.7,551.55,554.25,549.2,550,796604,438514348.7,550,550
547,549,534.65,539.5,1490078,807176467.3,547,549,534.65,539.5,1490078,807176467.3,538.45,538.45
536.8,552.45,536.8,547.5,1472836,805344592.8,536.8,552.45,536.8,547.5,1472836,805344592.8,548.8,548.8
545.35,551.15,541.85,544.05,1045560,571454474.2,545.35,551.15,541.85,544.05,1045560,571454474.2,544.95,544.95
549,553.8,546,552.9,726448,400858879.5,549,553.8,546,552.9,726448,400858879.5,552.4,552.4
554,566.5,547.2,555.8,1485506,827701934.4,554,566.5,547.2,555.8,1485506,827701934.4,556.8,556.8
559.9,560.5,548.6,551,842129,466521136.7,559.9,560.5,548.6,551,842129,466521136.7,550.55,550.55
554.75,558.45,549.4,554,1460303,808802624.6,554.75,558.45,549.4,554,1460303,808802624.6,553.55,553.55
554,558.5,547.45,557,1034734,573040447.6,554,558.5,547.45,557,1034734,573040447.6,557.55,557.55
558.85,559,545.5,546.1,1355289,747077582.3,558.85,559,545.5,546.1,1355289,747077582.3,547,547
550.8,552,535.5,536.8,783708,423555775.1,550.8,552,535.5,536.8,783708,423555775.1,536.7,536.7
536.7,540,526.2,530.85,1816845,970135629.5,536.7,540,526.2,530.85,1816845,970135629.5,530.95,530.95
531,535.2,521,529.1,2353027,1238283498,531,535.2,521,529.1,2353027,1238283498,528.9,528.9
529,529,517.05,519.95,2707033,1407929685,529,529,517.05,519.95,2707033,1407929685,518.75,518.75
521.35,539.2,519,537,3183510,1705096646,521.35,539.2,519,537,3183510,1705096646,536.65,536.65
533.2,539.9,528.25,532.3,1371242,734737369.9,533.2,539.9,528.25,532.3,1371242,734737369.9,532.1,532.1
531.6,534.95,520.25,522.1,735045,385949446.2,531.6,534.95,520.25,522.1,735045,385949446.2,522.25,522.25
522.2,533.6,517.8,518.45,1665158,870026374.1,522.2,533.6,517.8,518.45,1665158,870026374.1,520,520
516.9,522.7,506,517.55,1828077,942781667.3,516.9,522.7,506,517.55,1828077,942781667.3,521.1,521.1
516.15,519.45,509.2,512.2,1289007,660697321.1,516.15,519.45,509.2,512.2,1289007,660697321.1,512.45,512.45
509,519.7,508.7,516,1574251,811871580.2,509,519.7,508.7,516,1574251,811871580.2,516.1,516.1
513.8,520.8,512.25,518.15,2162918,1118320691,513.8,520.8,512.25,518.15,2162918,1118320691,518.9,518.9
518,527,496.85,502.35,7425849,3753498120,518,527,496.85,502.35,7425849,3753498120,500.15,500.15
502.7,525.85,501.65,513.95,4668643,2402175127,502.7,525.85,501.65,513.95,4668643,2402175127,518.3,518.3
504.75,510,493.8,503.9,6750611,3381417105,504.75,510,493.8,503.9,6750611,3381417105,503.05,503.05
505.9,511.7,481.55,485.1,5172748,2560263420,505.9,511.7,481.55,485.1,5172748,2560263420,484.5,484.5
484.5,486.9,473.05,476.5,2952687,1408448485,484.5,486.9,473.05,476.5,2952687,1408448485,475.75,475.75
477.45,483.25,465,479.8,2376714,1128799126,477.45,483.25,465,479.8,2376714,1128799126,478.3,478.3
477,483.4,474.5,477,1279325,611456552.5,477,483.4,474.5,477,1279325,611456552.5,476.1,476.1
478.5,485.55,474.6,477,1211272,582449177.6,478.5,485.55,474.6,477,1211272,582449177.6,475.85,475.85
478.85,481.7,470.55,478.7,1606901,764058183.9,478.85,481.7,470.55,478.7,1606901,764058183.9,478.7,478.7
478.6,479,466.95,467.9,1065506,501894407.8,478.6,479,466.95,467.9,1065506,501894407.8,468.05,468.05
464.9,469.95,460.6,462,1398888,650294743.1,464.9,469.95,460.6,462,1398888,650294743.1,464,464
464,467.35,449.2,464.15,2217428,1019585796,464,467.35,449.2,464.15,2217428,1019585796,465.9,465.9
468.1,470.95,454.9,467,2158865,1000981582,468.1,470.95,454.9,467,2158865,1000981582,466.55,466.55
468.5,469.85,458.45,466.3,2992115,1389291177,468.5,469.85,458.45,466.3,2992115,1389291177,465.35,465.35
465.8,476.2,460.15,465,2193022,1029014325,465.8,476.2,460.15,465,2193022,1029014325,464.25,464.25
465.5,468,456.55,463.75,1410078,653927407.3,465.5,468,456.55,463.75,1410078,653927407.3,465.2,465.2
468,475.2,461.45,473,1126818,527907714.4,468,475.2,461.45,473,1126818,527907714.4,472.45,472.45
467,471.25,461,470.95,1564714,731101999.5,467,471.25,461,470.95,1564714,731101999.5,469.55,469.55
471.1,475,467.05,471,2339657,1101219229,471.1,475,467.05,471,2339657,1101219229,471.4,471.4
472,479.75,470.6,477.1,1216510,579301813.3,472,479.75,470.6,477.1,1216510,579301813.3,478.4,478.4
479,482.5,473.75,474.2,1668897,795758937.3,479,482.5,473.75,474.2,1668897,795758937.3,474.9,474.9
475,478.7,472.1,475,780846,371722621.9,475,478.7,472.1,475,780846,371722621.9,475,475
474,478.3,468.05,470.7,996410,471002312.2,474,478.3,468.05,470.7,996410,471002312.2,471.8,471.8
474,474,464.4,467.4,1179858,553596742.4,474,474,464.4,467.4,1179858,553596742.4,467.8,467.8
468.05,469.65,464.5,469.45,818854,382611868.9,468.05,469.65,464.5,469.45,818854,382611868.9,469,469
467,472,464.1,470,1257381,590151135.7,467,472,464.1,470,1257381,590151135.7,470.5,470.5
471.95,472.4,457,459.7,1753611,810042876.1,471.95,472.4,457,459.7,1753611,810042876.1,460.65,460.65
461.4,462.8,454.35,458.7,1656705,758249140.3,461.4,462.8,454.35,458.7,1656705,758249140.3,458.65,458.65
458.65,461.95,449.9,450.5,1027073,467811317.6,458.65,461.95,449.9,450.5,1027073,467811317.6,452.05,452.05
454.2,465,445.5,463,2558072,1172195133,454.2,465,445.5,463,2558072,1172195133,463.3,463.3
468,472.3,445,447.45,2819792,1276056403,468,472.3,445,447.45,2819792,1276056403,448.9,448.9
450,455.05,446.6,449.9,1959468,884306275.5,450,455.05,446.6,449.9,1959468,884306275.5,450.25,450.25
449.9,450,432.2,434,3524655,1546423157,449.9,450,432.2,434,3524655,1546423157,434.6,434.6
439,440.45,430.4,436.5,3960277,1721910395,439,440.45,430.4,436.5,3960277,1721910395,438.45,438.45
438.45,446,435.7,441.5,3151119,1393891868,438.45,446,435.7,441.5,3151119,1393891868,439.4,439.4
430,432.8,418,425,6307161,2679206499,430,432.8,418,425,6307161,2679206499,425.5,425.5
426.9,426.9,402.7,411.8,4914716,2032977573,426.9,426.9,402.7,411.8,4914716,2032977573,412.65,412.65
411,421,406.5,416.95,2639852,1101476751,411,421,406.5,416.95,2639852,1101476751,418.1,418.1
419.5,431.3,416.15,417.5,4182360,1777152386,419.5,431.3,416.15,417.5,4182360,1777152386,418.35,418.35
419.95,419.95,405.5,408.3,2564196,1053926200,419.95,419.95,405.5,408.3,2564196,1053926200,408.25,408.25
408.3,427,407.5,423.35,4117690,1720348683,408.3,427,407.5,423.35,4117690,1720348683,423.35,423.35
423.1,427.3,418.55,422.95,2381621,1007735805,423.1,427.3,418.55,422.95,2381621,1007735805,422.15,422.15
422.55,443,389.55,442.05,17354782,7332270605,422.55,443,389.55,442.05,17354782,7332270605,441.35,441.35
441.35,446.45,433.5,440.9,5861895,2576419204,441.35,446.45,433.5,440.9,5861895,2576419204,440.9,440.9
440,448.5,435.35,446.3,3153015,1399930322,440,448.5,435.35,446.3,3153015,1399930322,446.55,446.55
446.3,447.85,438.95,445.3,2180925,966739858.7,446.3,447.85,438.95,445.3,2180925,966739858.7,446.8,446.8
445.3,447.7,439.4,445.5,1818421,805972384.1,445.3,447.7,439.4,445.5,1818421,805972384.1,446.3,446.3
448.5,451.15,440.1,440.2,2850227,1270314041,448.5,451.15,440.1,440.2,2850227,1270314041,444.15,444.15
441.25,457.75,440.2,453.65,2333810,1053412412,441.25,457.75,440.2,453.65,2333810,1053412412,453.9,453.9
453.65,456.8,448.1,453.3,2262575,1026696226,453.65,456.8,448.1,453.3,2262575,1026696226,454.25,454.25
455,456,443.55,447.9,1733751,778774060.1,455,456,443.55,447.9,1733751,778774060.1,446.85,446.85
447.1,461.45,441.75,459.6,2647759,1194012914,447.1,461.45,441.75,459.6,2647759,1194012914,459.85,459.85
462,463.9,459.5,462,179612,82910235.05,462,463.9,459.5,462,179612,82910235.05,461.05,461.05
463.9,478.4,462,472.25,3498572,1652529816,463.9,478.4,462,472.25,3498572,1652529816,473.05,473.05
478.95,478.95,462.25,463.15,2640132,1229366281,478.95,478.95,462.25,463.15,2640132,1229366281,465,465
465,472.7,460.15,472,3944718,1834670249,465,472.7,460.15,472,3944718,1834670249,466.85,466.85
467.3,474.2,462.4,468.5,3649879,1711429582,467.3,474.2,462.4,468.5,3649879,1711429582,469.2,469.2
471.4,478.5,467.05,468.2,2393325,1128751067,471.4,478.5,467.05,468.2,2393325,1128751067,468.3,468.3
470.15,475.5,465.15,467.85,1391429,654305311.5,470.15,475.5,465.15,467.85,1391429,654305311.5,467.85,467.85
469.05,487.95,464.25,482,17751556,8472961828,469.05,487.95,464.25,482,17751556,8472961828,480.85,480.85
482,487.4,470,471.8,5892783,2818714069,482,487.4,470,471.8,5892783,2818714069,471.85,471.85
470.1,470.1,461.25,462.55,4300075,1994733369,470.1,470.1,461.25,462.55,4300075,1994733369,462.5,462.5
459.4,459.4,451.75,454.4,4109355,1871583537,459.4,459.4,451.75,454.4,4109355,1871583537,454.85,454.85
452,455,446,446.55,3001272,1354321380,452,455,446,446.55,3001272,1354321380,447.9,447.9
445.2,458.2,442.65,451.95,2659601,1196580300,445.2,458.2,442.65,451.95,2659601,1196580300,451.4,451.4
448,468.05,435.4,462.2,10693852,4823863392,448,468.05,435.4,462.2,10693852,4823863392,463.25,463.25
463,472,457.65,458.95,2847404,1322003632,463,472,457.65,458.95,2847404,1322003632,460.6,460.6
461.2,477.5,459.55,473.3,5080106,2404619599,461.2,477.5,459.55,473.3,5080106,2404619599,472.1,472.1
472,483.7,468.65,480.65,4080054,1955197804,472,483.7,468.65,480.65,4080054,1955197804,482.6,482.6
482.6,492.3,476.6,485,5600894,2722795664,482.6,492.3,476.6,485,5600894,2722795664,485.5,485.5
485,485,472.7,478.65,2778328,1330291277,485,485,472.7,478.65,2778328,1330291277,478.85,478.85
478.25,485.35,475.9,483.25,1465490,706417935.4,478.25,485.35,475.9,483.25,1465490,706417935.4,483.5,483.5
483,490.55,476.7,478.4,3880896,1872950408,483,490.55,476.7,478.4,3880896,1872950408,478.55,478.55
475,475,464.55,468,3494515,1635752637,475,475,464.55,468,3494515,1635752637,468,468
472,476.5,464.1,469.2,2933958,1378798681,472,476.5,464.1,469.2,2933958,1378798681,468.35,468.35
469.65,473.4,465.6,467,1307574,612634443.8,469.65,473.4,465.6,467,1307574,612634443.8,466.7,466.7
469.6,469.6,455.35,463.5,2492362,1151138958,469.6,469.6,455.35,463.5,2492362,1151138958,464,464
465,465.85,460,465.5,1067139,493816897.4,465,465.85,460,465.5,1067139,493816897.4,464.25,464.25
463,471.85,462,469,1426757,668232427.6,463,471.85,462,469,1426757,668232427.6,470,470
469.5,470.3,460.4,462.4,1483537,688191365.7,469.5,470.3,460.4,462.4,1483537,688191365.7,461.6,461.6
463,467,454,455.5,2520045,1163419054,463,467,454,455.5,2520045,1163419054,455.45,455.45
457.4,457.75,444.6,449.5,3761784,1692881319,457.4,457.75,444.6,449.5,3761784,1692881319,447.9,447.9
450.6,454.95,449.5,452.8,2807906,1271817712,450.6,454.95,449.5,452.8,2807906,1271817712,453.05,453.05
453,453.1,446.7,449.95,1806996,812298140.4,453,453.1,446.7,449.95,1806996,812298140.4,449.95,449.95
452.2,463.1,452.2,460,2730092,1254302303,452.2,463.1,452.2,460,2730092,1254302303,461.05,461.05
461.05,465,456.6,460.65,1213599,559287927.8,461.05,465,456.6,460.65,1213599,559287927.8,461.25,461.25
463.05,464.75,457.5,458,903737,416778395.6,463.05,464.75,457.5,458,903737,416778395.6,458.25,458.25
462.05,466.2,460.35,463.5,2434853,1127718661,462.05,466.2,460.35,463.5,2434853,1127718661,463.95,463.95
464,469.25,461.5,467.65,1705929,795401298.3,464,469.25,461.5,467.65,1705929,795401298.3,467.8,467.8
465.65,471.5,464.8,467.35,1485123,695213767.8,465.65,471.5,464.8,467.35,1485123,695213767.8,467.6,467.6
466.9,474.45,463.9,467.8,2248997,1054460477,466.9,474.45,463.9,467.8,2248997,1054460477,465.75,465.75
467,469,464.5,467.2,866023,403925240.4,467,469,464.5,467.2,866023,403925240.4,467.85,467.85
467.25,480,465.5,477.2,3262749,1546777415,467.25,480,465.5,477.2,3262749,1546777415,478.7,478.7
478.7,482.55,472.25,473.45,2887784,1379790700,478.7,482.55,472.25,473.45,2887784,1379790700,474.15,474.15
474.55,483.5,472.8,482.3,2005404,963610254.2,474.55,483.5,472.8,482.3,2005404,963610254.2,481.1,481.1
481.1,487,478.25,480,1809828,873147826.5,481.1,487,478.25,480,1809828,873147826.5,479.95,479.95
479.95,484.3,476.95,477.9,1640854,788764029.4,479.95,484.3,476.95,477.9,1640854,788764029.4,478.2,478.2
481,481,474.45,476.4,1316812,628456121.8,481,481,474.45,476.4,1316812,628456121.8,475.9,475.9
478.85,479.9,472.3,472.95,1406381,668921740.6,478.85,479.9,472.3,472.95,1406381,668921740.6,473.5,473.5
475.8,475.8,467.25,470.65,2252752,1061592461,475.8,475.8,467.25,470.65,2252752,1061592461,469.95,469.95
469.8,469.95,461.2,464,1501855,699442317.2,469.8,469.95,461.2,464,1501855,699442317.2,466.75,466.75
466,470,463.65,468.35,2365554,1103398182,466,470,463.65,468.35,2365554,1103398182,468.6,468.6
467.8,470.1,461.6,463.6,1507276,702136832.6,467.8,470.1,461.6,463.6,1507276,702136832.6,464.75,464.75
467.5,473.3,467.5,469.85,1700600,800366607,467.5,473.3,467.5,469.85,1700600,800366607,470.1,470.1
470.1,477,469.75,472.95,1213600,575911564.7,470.1,477,469.75,472.95,1213600,575911564.7,473.5,473.5
474.5,482.45,474.5,477.5,1229969,588066735.3,474.5,482.45,474.5,477.5,1229969,588066735.3,477.65,477.65
480.6,485.2,479.2,485.2,2160301,1042824247,480.6,485.2,479.2,485.2,2160301,1042824247,484.25,484.25
