509.8,511.95,502.45,506.3,2554677,1294990048,509.8,511.95,502.45,506.3,2554677,1294990048,504.5,504.5
508,513.65,491.4,498,5786478,2905862988,508,513.65,491.4,498,5786478,2905862988,497.25,497.25
495,503.2,491.45,500.95,6150484,3055619972,495,503.2,491.45,500.95,6150484,3055619972,499.9,499.9
501,508.8,493,494,7131552,3567506126,501,508.8,493,494,7131552,3567506126,495,495
484,500.25,483.5,498.05,8982201,4430451746,484,500.25,483.5,498.05,8982201,4430451746,497.9,497.9
495.6,498.5,488,491,4084647,2007518672,495.6,498.5,488,491,4084647,2007518672,490.7,490.7
494,498.8,488.8,491.95,5543486,2735414566,494,498.8,488.8,491.95,5543486,2735414566,492.1,492.1
486.9,487,455.15,456.55,26450900,12392236513,486.9,487,455.15,456.55,26450900,12392236513,459.5,459.5
463.5,463.5,444.45,457,18548035,8415629700,463.5,463.5,444.45,457,18548035,8415629700,452.7,452.7
444,446.4,435.05,440.6,24459885,10772403917,444,446.4,435.05,440.6,24459885,10772403917,440.6,440.6
440.6,451.1,437.25,441.8,9624998,4274380757,440.6,451.1,437.25,441.8,9624998,4274380757,440.6,440.6
442.5,446,436.4,439.55,6371320,2814264851,442.5,446,436.4,439.55,6371320,2814264851,439.85,439.85
440.05,447,430.1,440.8,7297226,3189690678,440.05,447,430.1,440.8,7297226,3189690678,438.4,438.4
437.8,440.5,415.8,418,6009663,2589915486,437.8,440.5,415.8,418,6009663,2589915486,422.35,422.35
417.75,446.75,411.2,443.4,13591277,5948118649,417.75,446.75,411.2,443.4,13591277,5948118649,440.2,440.2
420,447.75,418.55,440.5,8409695,3671313436,420,447.75,418.55,440.5,8409695,3671313436,439.15,439.15
444.95,449.4,427.1,428.1,9898121,4310934713,444.95,449.4,427.1,428.1,9898121,4310934713,430.25,430.25
434,436,425,430.6,5563903,2393271001,434,436,425,430.6,5563903,2393271001,429.8,429.8
424,433.95,419.7,423,4861350,2069199478,424,433.95,419.7,423,4861350,2069199478,422.5,422.5
429.8,431,421.35,423.4,3593521,1530091232,429.8,431,421.35,423.4,3593521,1530091232,424.4,424.4
426.3,438.5,426.3,431.5,9434541,4098915067,426.3,438.5,426.3,431.5,9434541,4098915067,434.8,434.8
439.3,439.3,426.7,428.7,4130548,1787371623,439.3,439.3,426.7,428.7,4130548,1787371623,428.95,428.95
434.95,434.95,418.4,419.85,3968970,1690317542,434.95,434.95,418.4,419.85,3968970,1690317542,419.7,419.7
419.85,420,403.2,413.75,5819508,2393554591,419.85,420,403.2,413.75,5819508,2393554591,414.35,414.35
415.1,422.2,415.1,418.2,7230257,3030517712,415.1,422.2,415.1,418.2,7230257,3030517712,418.1,418.1
420,422.5,417.35,419.3,4264637,1790226374,420,422.5,417.35,419.3,4264637,1790226374,419.65,419.65
418.8,419.25,413.35,415.95,9706094,4048242120,418.8,419.25,413.35,415.95,9706094,4048242120,416.1,416.1
419,428.2,417.1,424.7,6763260,2874731315,419,428.2,417.1,424.7,6763260,2874731315,425.55,425.55
430,430,420.85,423,3669690,1556392207,430,430,420.85,423,3669690,1556392207,423.15,423.15
425.8,432.65,424.3,431.95,4675953,2002810240,425.8,432.65,424.3,431.95,4675953,2002810240,430.5,430.5
430,433.5,425.9,430,23360784,10015547850,430,433.5,425.9,430,23360784,10015547850,428.55,428.55
429.05,436.6,425.75,426.3,5260644,2274864995,429.05,436.6,425.75,426.3,5260644,2274864995,427.75,427.75
426.95,427.1,417.6,422,3482148,1470564010,426.95,427.1,417.6,422,3482148,1470564010,421.45,421.45
423.7,427.65,410.6,410.65,3789549,1596867752,423.7,427.65,410.6,410.65,3789549,1596867752,413.9,413.9
410.65,416.3,391.25,402.95,10873348,4387202277,410.65,416.3,391.25,402.95,10873348,4387202277,403.2,403.2
411.5,414.1,395,402,7808565,3170860649,411.5,414.1,395,402,7808565,3170860649,401.3,401.3
404.9,408.5,397.55,403.05,4590422,1852902776,404.9,408.5,397.55,403.05,4590422,1852902776,402.15,402.15
405,424.5,404,423.1,7558993,3138406646,405,424.5,404,423.1,7558993,3138406646,421.55,421.55
423,429.8,420.15,427.5,5148679,2186404117,423,429.8,420.15,427.5,5148679,2186404117,426.3,426.3
425.9,425.9,418.55,421.3,3780338,1593287327,425.9,425.9,418.55,421.3,3780338,1593287327,422.6,422.6
416.5,416.5,416.5,416.5,675000,281137500,416.5,416.5,416.5,416.5,675000,281137500,416.5,416.5
422.6,424.3,417.25,420.5,3277154,1378090973,422.6,424.3,417.25,420.5,3277154,1378090973,420.45,420.45
415.25,426.75,413.65,419.8,7237424,3033151322,415.25,426.75,413.65,419.8,7237424,3033151322,416.75,416.75
418,421.6,396.7,399.55,5408078,2201078297,418,421.6,396.7,399.55,5408078,2201078297,399.65,399.65
399,403.5,392.7,400,7463026,2968282482,399,403.5,392.7,400,7463026,2968282482,400.4,400.4
403,420.15,402.2,417.7,8351422,3462131492,403,420.15,402.2,417.7,8351422,3462131492,418.2,418.2
414,420.25,412.1,416,4850714,2018086895,414,420.25,412.1,416,4850714,2018086895,415.6,415.6
412.65,418.95,405.2,412.2,5133743,2107338020,412.65,418.95,405.2,412.2,5133743,2107338020,412.7,412.7
412,423,406.6,420.6,4402440,1824805265,412,423,406.6,420.6,4402440,1824805265,421.5,421.5
422,422.4,408.2,413.05,6080433,2513909840,422,422.4,408.2,413.05,6080433,2513909840,413.2,413.2
411,413.05,395.4,397.85,10286301,4126318687,411,413.05,395.4,397.85,10286301,4126318687,398.7,398.7
399.5,401.75,390.5,394.4,4986921,1966895003,399.5,401.75,390.5,394.4,4986921,1966895003,395.1,395.1
391.25,404,391.25,401,4559620,1813955454,391.25,404,391.25,401,4559620,1813955454,402.2,402.2
404,404.8,392.95,394.7,3627666,1447940373,404,404.8,392.95,394.7,3627666,1447940373,395.05,395.05
398.1,400.9,391.15,394,8784680,3463623311,398.1,400.9,391.15,394,8784680,3463623311,393.9,393.9
394.2,396.5,383.1,383.95,8494868,3284413653,394.2,396.5,383.1,383.95,8494868,3284413653,384.95,384.95
382.9,386.7,376.65,380,11983251,4571306956,382.9,386.7,376.65,380,11983251,4571306956,380.3,380.3
381.05,386.7,374.5,385,11969955,4545997178,381.05,386.7,374.5,385,11969955,4545997178,385.55,385.55
388,390.8,383.35,385,6933891,2679148436,388,390.8,383.35,385,6933891,2679148436,385.3,385.3
384,385.5,379.2,380.35,4477422,1707416691,384,385.5,379.2,380.35,4477422,1707416691,380.2,380.2
382.95,386.2,375.8,378.1,6974242,2647676875,382.95,386.2,375.8,378.1,6974242,2647676875,377.9,377.9
377,380.3,374.5,376,3731213,1408167174,377,380.3,374.5,376,3731213,1408167174,376.65,376.65
377,383.45,374.15,382.5,5728575,2168607761,377,383.45,374.15,382.5,5728575,2168607761,382.05,382.05
383.7,391.85,382.35,386.25,5732851,2216084654,383.7,391.85,382.35,386.25,5732851,2216084654,384.25,384.25
388.75,397.3,385.45,394.4,3468687,1358299936,388.75,397.3,385.45,394.4,3468687,1358299936,395.35,395.35
393.55,403.7,391.45,401.75,6753048,2686678452,393.55,403.7,391.45,401.75,6753048,2686678452,402,402
401.5,406.5,396.85,404.3,3780866,1525130499,401.5,406.5,396.85,404.3,3780866,1525130499,402.85,402.85
401.9,408.6,396.6,406,6292775,2533280202,401.9,408.6,396.6,406,6292775,2533280202,406.25,406.25
414.45,427.4,412,418.05,20000806,8408722937,414.45,427.4,412,418.05,20000806,8408722937,419.85,419.85
420,420,405.45,406.9,12504161,5147761764,420,420,405.45,406.9,12504161,5147761764,409.2,409.2
406.25,411.75,401,408.95,4518031,1837905895,406.25,411.75,401,408.95,4518031,1837905895,408.75,408.75
407,413.25,404.2,410,3274387,1341174696,407,413.25,404.2,410,3274387,1341174696,409.55,409.55
412.9,412.9,406,409.6,6087447,2487328263,412.9,412.9,406,409.6,6087447,2487328263,408.45,408.45
406.3,408,399,405.05,3716970,1500808252,406.3,408,399,405.05,3716970,1500808252,404.4,404.4
410.85,418.35,394,398,14415306,5844289092,410.85,418.35,394,398,14415306,5844289092,396.75,396.75
401.5,404.55,395.5,398.5,5906011,2362589385,401.5,404.55,395.5,398.5,5906011,2362589385,398.25,398.25
401.45,402.95,396.8,401.7,3565204,1425907635,401.45,402.95,396.8,401.7,3565204,1425907635,401.15,401.15
403.2,409.5,397.2,403.85,8129162,3277179189,403.2,409.5,397.2,403.85,8129162,3277179189,402.45,402.45
404.85,413.7,403.9,410.5,8132505,3328710708,404.85,413.7,403.9,410.5,8132505,3328710708,412.1,412.1
400.15,402.7,381.5,386.05,23031948,8963692821,400.15,402.7,381.5,386.05,23031948,8963692821,386.6,386.6
386,394,378.3,383,8853922,3419389894,386,394,378.3,383,8853922,3419389894,383.15,383.15
383,388.15,378.35,383,6379409,2437449577,383,388.15,378.35,383,6379409,2437449577,381.95,381.95
382.95,382.95,374,376,6098125,2297965735,382.95,382.95,374,376,6098125,2297965735,375.35,375.35
377.25,378.95,365.45,368.05,9012407,3348049386,377.25,378.95,365.45,368.05,9012407,3348049386,367.6,367.6
368.05,368.05,355.05,362.95,11205849,4038854389,368.05,368.05,355.05,362.95,11205849,4038854389,361.35,361.35
361.35,369.25,355.2,356.95,4941028,1800584599,361.35,369.25,355.2,356.95,4941028,1800584599,360,360
356.95,371.1,351.6,361.8,6522208,2367049476,356.95,371.1,351.6,361.8,6522208,2367049476,361.85,361.85
361.8,365.8,354.25,357.4,5952154,2142446861,361.8,365.8,354.25,357.4,5952154,2142446861,356.8,356.8
359,373.9,356.9,372.3,4503855,1649493786,359,373.9,356.9,372.3,4503855,1649493786,371.9,371.9
372.3,380,367,377.6,3735986,1402311186,372.3,380,367,377.6,3735986,1402311186,376.95,376.95
377.6,380.8,370.8,375,5957301,2242789575,377.6,380.8,370.8,375,5957301,2242789575,375.15,375.15
375.95,381.7,371.25,381.1,3477100,1310545613,375.95,381.7,371.25,381.1,3477100,1310545613,379.15,379.15
378.9,378.9,373,376.1,3368675,1263360179,378.9,378.9,373,376.1,3368675,1263360179,375.8,375.8
376.1,383.2,371.25,373.9,10796716,4045672798,376.1,383.2,371.25,373.9,10796716,4045672798,373.6,373.6
374.55,385.9,372.55,384,4099108,1557619431,374.55,385.9,372.55,384,4099108,1557619431,383.7,383.7
384,386.75,370.1,373.2,3567479,1349512701,384,386.75,370.1,373.2,3567479,1349512701,372.3,372.3
371.4,372.25,357.55,364.45,4989187,1809611229,371.4,372.25,357.55,364.45,4989187,1809611229,364.3,364.3
362.1,381.9,362.1,380.7,5016415,1878498425,362.1,381.9,362.1,380.7,5016415,1878498425,379.75,379.75
379.7,386.25,375,381.35,3637971,1384650480,379.7,386.25,375,381.35,3637971,1384650480,379.95,379.95
379.5,383.45,372.25,376.8,3874201,1465135808,379.5,383.45,372.25,376.8,3874201,1465135808,377.55,377.55
377.75,391.8,377.75,389.5,5444048,2111110946,377.75,391.8,377.75,389.5,5444048,2111110946,388.8,388.8
389.95,393.4,379.55,380.45,5527034,2126158776,389.95,393.4,379.55,380.45,5527034,2126158776,380.65,380.65
374,382.9,373.3,376,6698891,2529693803,374,382.9,373.3,376,6698891,2529693803,375.65,375.65
373.5,384,373.5,376.5,4703619,1778485706,373.5,384,373.5,376.5,4703619,1778485706,376.5,376.5
378.7,380.25,370.2,377.95,5713581,2144345321,378.7,380.25,370.2,377.95,5713581,2144345321,378.25,378.25
377.95,380.9,368.05,369.5,2812154,1056762016,377.95,380.9,368.05,369.5,2812154,1056762016,370.9,370.9
371,375.9,369.2,371,3570887,1330972602,371,375.9,369.2,371,3570887,1330972602,371.2,371.2
372.5,376.5,370.45,371.6,2510768,937634189.7,372.5,376.5,370.45,371.6,2510768,937634189.7,371.9,371.9
374.95,375,363.8,369.95,3841053,1420645204,374.95,375,363.8,369.95,3841053,1420645204,368.7,368.7
370.95,376.5,366.3,373,3068406,1140859144,370.95,376.5,366.3,373,3068406,1140859144,374.55,374.55
372,377.95,371.8,373.35,3008052,1126833002,372,377.95,371.8,373.35,3008052,1126833002,374.15,374.15
374,382.75,373.2,379.1,4318837,1639390021,374,382.75,373.2,379.1,4318837,1639390021,380.2,380.2
381.25,381.55,373.1,377.8,3412205,1285297019,381.25,381.55,373.1,377.8,3412205,1285297019,375.65,375.65
373.7,381.4,368.55,380.45,5857077,2203903472,373.7,381.4,368.55,380.45,5857077,2203903472,377.95,377.95
375.3,383.3,375.3,381.4,3443146,1310910020,375.3,383.3,375.3,381.4,3443146,1310910020,381.95,381.95
381.1,381.4,365.55,368.5,4391116,1629274029,381.1,381.4,365.55,368.5,4391116,1629274029,368.05,368.05
374.6,374.6,366.1,369,2787262,1031021648,374.6,374.6,366.1,369,2787262,1031021648,370.75,370.75
370.85,371.9,362.7,367,3925362,1444309598,370.85,371.9,362.7,367,3925362,1444309598,367.4,367.4
365,366.75,359.65,363.6,6402876,2323714029,365,366.75,359.65,363.6,6402876,2323714029,363.4,363.4
362,365.4,359.9,362.4,7218013,2614209028,362,365.4,359.9,362.4,7218013,2614209028,362.25,362.25
366,366.4,361.6,362.1,4730035,1715462452,366,366.4,361.6,362.1,4730035,1715462452,362.1,362.1
362.5,369.8,362.5,367.25,1693780,619438389.9,362.5,369.8,362.5,367.25,1693780,619438389.9,367.8,367.8
368.9,368.9,360.9,362,1879248,684696773,368.9,368.9,360.9,362,1879248,684696773,362,362
365,365,360.35,362.25,2072184,752025963.5,365,365,360.35,362.25,2072184,752025963.5,362.15,362.15
364,364.85,357.35,359.3,4786772,1722994230,364,364.85,357.35,359.3,4786772,1722994230,358.95,358.95
356,359.75,344.8,348.05,3261119,1144384433,356,359.75,344.8,348.05,3261119,1144384433,347.4,347.4
347,350.7,340,342.55,4884957,1675185847,347,350.7,340,342.55,4884957,1675185847,342.55,342.55
344.1,345.1,331,337.1,4796681,1613769791,344.1,345.1,331,337.1,4796681,1613769791,336.8,336.8
339,347.5,337.6,343,4531466,1558366967,339,347.5,337.6,343,4531466,1558366967,345,345
343,347.7,340.35,346.55,3796397,1308153218,343,347.7,340.35,346.55,3796397,1308153218,345.4,345.4
345.5,360,345,357.6,3735930,1328004372,345.5,360,345,357.6,3735930,1328004372,358.95,358.95
361.4,366.45,355.25,356.4,3920957,1418107472,361.4,366.45,355.25,356.4,3920957,1418107472,356.8,356.8
355.1,355.8,343.5,352.25,4664164,1622948048,355.1,355.8,343.5,352.25,4664164,1622948048,352.3,352.3
353.05,360,352.35,360,3439808,1226083662,353.05,360,352.35,360,3439808,1226083662,357.65,357.65
359.9,373.9,351.65,362.25,8126603,2951743515,359.9,373.9,351.65,362.25,8126603,2951743515,364.7,364.7
359,388.9,355.3,385.4,6737958,2522138159,359,388.9,355.3,385.4,6737958,2522138159,383.25,383.25
382,392.55,378.7,390,7296848,2833269272,382,392.55,378.7,390,7296848,2833269272,390.6,390.6
390,399,382.65,384.1,8512340,3334676439,390,399,382.65,384.1,8512340,3334676439,384.5,384.5
383.4,384.75,369.2,372.45,5575854,2086602690,383.4,384.75,369.2,372.45,5575854,2086602690,373,373
374.8,376.9,370.4,374.85,3287520,1228260157,374.8,376.9,370.4,374.85,3287520,1228260157,374.5,374.5
374.85,387.7,374.7,384.55,3640662,1391532777,374.85,387.7,374.7,384.55,3640662,1391532777,385.75,385.75
385.75,386.8,379.25,381.2,2190884,837246512,385.75,386.8,379.25,381.2,2190884,837246512,381.9,381.9
380.1,387.9,373.4,385.2,2993950,1138321879,380.1,387.9,373.4,385.2,2993950,1138321879,385.3,385.3
386.3,386.3,364.5,367,11040336,4074228265,386.3,386.3,364.5,367,11040336,4074228265,367.05,367.05
368.2,374.8,365.1,369,4046462,1500652162,368.2,374.8,365.1,369,4046462,1500652162,369.8,369.8
368.9,375.75,363,370,3817525,1418280140,368.9,375.75,363,370,3817525,1418280140,370.15,370.15
370.15,372.7,364,366.5,2897961,1064002693,370.15,372.7,364,366.5,2897961,1064002693,367,367
366.55,374,365.2,372.3,2715006,1004550484,366.55,374,365.2,372.3,2715006,1004550484,372,372
372.05,375,366.15,369.75,3030830,1119561553,372.05,375,366.15,369.75,3030830,1119561553,371.4,371.4
372.4,373.85,367.3,371.9,2557572,948294802.1,372.4,373.85,367.3,371.9,2557572,948294802.1,370.55,370.55
364,370.4,363.1,369.05,3110530,1144260207,364,370.4,363.1,369.05,3110530,1144260207,368.25,368.25
372.3,376.75,368.1,370,4278039,1585754683,372.3,376.75,368.1,370,4278039,1585754683,369.9,369.9
370,370.8,365,368.15,2089422,768282183.8,370,370.8,365,368.15,2089422,768282183.8,368.95,368.95
370,383.8,367.4,381.9,5938671,2233007394,370,383.8,367.4,381.9,5938671,2233007394,379.15,379.15
382.35,385.7,375.4,376.65,3669920,1386672078,382.35,385.7,375.4,376.65,3669920,1386672078,376.8,376.8
378,382.45,372.75,376.5,4038807,1526527276,378,382.45,372.75,376.5,4038807,1526527276,374.9,374.9
377.3,385,375.65,381.05,7026818,2675813512,377.3,385,375.65,381.05,7026818,2675813512,383.1,383.1
379.85,386,376,383.25,7849613,2990271964,379.85,386,376,383.25,7849613,2990271964,383.85,383.85
387,387.25,380.45,382.1,3764539,1446141430,387,387.25,380.45,382.1,3764539,1446141430,383.8,383.8
382.3,383.45,375.7,377,2886141,1097427982,382.3,383.45,375.7,377,2886141,1097427982,378.35,378.35
375,377.85,366.25,373.95,5983744,2232286285,375,377.85,366.25,373.95,5983744,2232286285,372.05,372.05
373.95,374.7,368.1,370.85,2354020,874732770.9,373.95,374.7,368.1,370.85,2354020,874732770.9,372.3,372.3
373.9,391.3,368.8,389.3,4923668,1890257296,373.9,391.3,368.8,389.3,4923668,1890257296,389.6,389.6
389.3,397.5,382.2,387.35,5059483,1962406864,389.3,397.5,382.2,387.35,5059483,1962406864,388.4,388.4
388.5,392.4,377.45,379.1,5241423,2001419163,388.5,392.4,377.45,379.1,5241423,2001419163,378.7,378.7
380.9,382.15,371.8,376.2,3664475,1381874342,380.9,382.15,371.8,376.2,3664475,1381874342,376.7,376.7
378,388.2,373,385.25,3241639,1226613538,378,388.2,373,385.25,3241639,1226613538,383.6,383.6
380.15,391,377.1,382,3086233,1185459020,380.15,391,377.1,382,3086233,1185459020,382.05,382.05
380.2,384.8,372.55,374.15,2663263,1006689203,380.2,384.8,372.55,374.15,2663263,1006689203,373.7,373.7
374.5,380.4,360.3,361.85,1966708,735409098.9,374.5,380.4,360.3,361.85,1966708,735409098.9,370.05,370.05
364.9,379.85,357.25,373.45,5503664,2026667477,364.9,379.85,357.25,373.45,5503664,2026667477,370.5,370.5
370.4,372.9,350.5,355.95,7105527,2535578712,370.4,372.9,350.5,355.95,7105527,2535578712,356.2,356.2
359.2,363.65,344,359.9,6177721,2166300649,359.2,363.65,344,359.9,6177721,2166300649,360.5,360.5
363,365,357.15,360.7,3964043,1429370152,363,365,357.15,360.7,3964043,1429370152,361.3,361.3
361.5,363.45,354.65,358.7,4041142,1449278106,361.5,363.45,354.65,358.7,4041142,1449278106,356.8,356.8
356.8,359,335.15,340,11183009,3828483819,356.8,359,335.15,340,11183009,3828483819,338.55,338.55
339,340,321.7,324.4,9794496,3202274998,339,340,321.7,324.4,9794496,3202274998,326.75,326.75
326,327.3,316.35,316.35,6659938,2137080580,326,327.3,316.35,316.35,6659938,2137080580,318.45,318.45
315.35,317.45,302.15,310.4,8083991,2513639066,315.35,317.45,302.15,310.4,8083991,2513639066,310.15,310.15
308.5,315.9,291.9,296.4,7168719,2198187035,308.5,315.9,291.9,296.4,7168719,2198187035,298.6,298.6
298.8,298.8,291,295,9026370,2659569851,298.8,298.8,291,295,9026370,2659569851,295.2,295.2
296.25,296.9,287,288.6,8561269,2480521183,296.25,296.9,287,288.6,8561269,2480521183,289,289
289,303.8,284.2,294.15,10215590,2989792163,289,303.8,284.2,294.15,10215590,2989792163,295.1,295.1
288.95,294.8,282.25,285.25,4681303,1347912966,288.95,294.8,282.25,285.25,4681303,1347912966,285.35,285.35
288,292.6,284.65,289.05,9008275,2601040248,288,292.6,284.65,289.05,9008275,2601040248,290.05,290.05
290.05,293,284.05,292.4,2607240,751158708.4,290.05,293,284.05,292.4,2607240,751158708.4,291.1,291.1
292.4,295.9,289.2,294.6,3011299,882651090.7,292.4,295.9,289.2,294.6,3011299,882651090.7,294,294
296.5,298.35,284.65,290,3877700,1130301973,296.5,298.35,284.65,290,3877700,1130301973,288.5,288.5
287,293.2,284.6,286.9,3730327,1076956194,287,293.2,284.6,286.9,3730327,1076956194,287.3,287.3
289.45,290,276.85,289.45,6531421,1852939723,289.45,290,276.85,289.45,6531421,1852939723,285.75,285.75
283.05,290.6,283,285.8,6637533,1899819232,283.05,290.6,283,285.8,6637533,1899819232,285.9,285.9
290,328.75,286.65,311.55,12195277,3709608400,290,328.75,286.65,311.55,12195277,3709608400,315.85,315.85
307,310.4,292.15,296,15304817,4592284198,307,310.4,292.15,296,15304817,4592284198,295.55,295.55
297.1,306,287,297.45,7858963,2341727930,297.1,306,287,297.45,7858963,2341727930,297.95,297.95
299.1,303.55,290,293.65,5651902,1677085895,299.1,303.55,290,293.65,5651902,1677085895,294.1,294.1
294.45,297.2,289.35,291.5,4807626,1409776007,294.45,297.2,289.35,291.5,4807626,1409776007,292.6,292.6
292.9,295,278.9,291.35,7357453,2115129638,292.9,295,278.9,291.35,7357453,2115129638,292.35,292.35
293,298,287.35,293.9,4748038,1394721302,293,298,287.35,293.9,4748038,1394721302,293.5,293.5
293.9,307.8,293.5,302.55,4425655,1337317545,293.9,307.8,293.5,302.55,4425655,1337317545,302.05,302.05
300.8,305.4,298,303.25,4363411,1316953779,300.8,305.4,298,303.25,4363411,1316953779,303.2,303.2
304,307.95,302.9,304.1,2653071,809988726.5,304,307.95,302.9,304.1,2653071,809988726.5,305.05,305.05
309,309,303.95,306,276702,84731519.55,309,309,303.95,306,276702,84731519.55,306.25,306.25
289.8,303.4,288.7,297.4,8495072,2533573737,289.8,303.4,288.7,297.4,8495072,2533573737,299.75,299.75
301,305,294,296.25,6121627,1825413218,301,305,294,296.25,6121627,1825413218,296.2,296.2
296,304,290.3,296.45,3891168,1147300123,296,304,290.3,296.45,3891168,1147300123,297.55,297.55
300,311.8,298,301.15,4883558,1488600275,300,311.8,298,301.15,4883558,1488600275,301.3,301.3
301.3,306.7,298,301.8,4050154,1232288608,301.3,306.7,298,301.8,4050154,1232288608,304.4,304.4
302.9,336.8,302,332.1,22573096,7314208586,302.9,336.8,302,332.1,22573096,7314208586,332.75,332.75
329.4,338.9,319,337,11772584,3891864185,329.4,338.9,319,337,11772584,3891864185,336.85,336.85
333.1,339.45,328.3,329.85,10734672,3598472726,333.1,339.45,328.3,329.85,10734672,3598472726,331.95,331.95
331,339.45,330.15,333.4,8477936,2834896803,331,339.45,330.15,333.4,8477936,2834896803,332.7,332.7
331.9,339.8,321.4,328.4,8925992,2938469155,331.9,339.8,321.4,328.4,8925992,2938469155,327.85,327.85
328.05,338.9,328.05,335.6,5969802,2001605833,328.05,338.9,328.05,335.6,5969802,2001605833,334.55,334.55
333.9,335.9,324.1,326.55,6970751,2297137225,333.9,335.9,324.1,326.55,6970751,2297137225,328.15,328.15
332,332.8,311,316,9175591,2957821840,332,332.8,311,316,9175591,2957821840,314.1,314.1
321,322,312,322,8307218,2622794894,321,322,312,322,8307218,2622794894,317.2,317.2
319,324.3,310.7,315,5944313,1884392540,319,324.3,310.7,315,5944313,1884392540,313.5,313.5
316.5,321,314.5,320.5,3036001,966193623,316.5,321,314.5,320.5,3036001,966193623,319.75,319.75
321,323.5,310.25,322,6449992,2038698447,321,323.5,310.25,322,6449992,2038698447,318.55,318.55
319.7,320.85,310.2,311.85,4530938,1425395265,319.7,320.85,310.2,311.85,4530938,1425395265,312.8,312.8
311,311,302,304.05,5918098,1808943082,311,311,302,304.05,5918098,1808943082,304,304
305,307.8,298.95,305,4775658,1450907492,305,307.8,298.95,305,4775658,1450907492,303.95,303.95
298.45,301.65,290.85,292,5181119,1536254956,298.45,301.65,290.85,292,5181119,1536254956,294.95,294.95
288,294.4,282,290.2,9007497,2609809948,288,294.4,282,290.2,9007497,2609809948,290.25,290.25
294,311,291.5,311,9282794,2794285644,294,311,291.5,311,9282794,2794285644,305.55,305.55
308.5,312.85,301.55,302.9,6909651,2116584442,308.5,312.85,301.55,302.9,6909651,2116584442,303.1,303.1
305.2,333.4,305.2,319,20486283,6511035523,305.2,333.4,305.2,319,20486283,6511035523,319.25,319.25
319.25,323.2,312.8,313.8,6136693,1949682581,319.25,323.2,312.8,313.8,6136693,1949682581,315.2,315.2
314.2,320.7,311.6,317.25,5653153,1787151930,314.2,320.7,311.6,317.25,5653153,1787151930,317.8,317.8
319.5,324,318.05,322.55,5217959,1675067554,319.5,324,318.05,322.55,5217959,1675067554,322.7,322.7
317,321.55,314,315.85,5396352,1711031999,317,321.55,314,315.85,5396352,1711031999,316.55,316.55
320,324.75,305.6,307.5,11143116,3506140906,320,324.75,305.6,307.5,11143116,3506140906,307.9,307.9
309.8,312.3,304.25,309.9,4709660,1450503602,309.8,312.3,304.25,309.9,4709660,1450503602,309.1,309.1
308.2,323,302.6,321.5,7540970,2345829539,308.2,323,302.6,321.5,7540970,2345829539,320.45,320.45
323.2,323.7,314,316.05,7899279,2508176350,323.2,323.7,314,316.05,7899279,2508176350,316.7,316.7
316.9,321,314.5,316.1,4672856,1487552906,316.9,321,314.5,316.1,4672856,1487552906,316.55,316.55
319,320.9,311.1,312.3,3795043,1197298522,319,320.9,311.1,312.3,3795043,1197298522,312.5,312.5
315.95,322,313.3,321.85,5513123,1744358711,315.95,322,313.3,321.85,5513123,1744358711,319.5,319.5
316.9,321,309.1,312.5,5604911,1761349535,316.9,321,309.1,312.5,5604911,1761349535,312.65,312.65
312.5,315.5,307.95,313,5615566,1747945502,312.5,315.5,307.95,313,5615566,1747945502,313.5,313.5
312.45,324.7,312.45,322,10239262,3277681503,312.45,324.7,312.45,322,10239262,3277681503,322.45,322.45
324.4,327.9,322.1,324.75,4966909,1613266648,324.4,327.9,322.1,324.75,4966909,1613266648,324.95,324.95
323.75,331.75,323.25,328,6484522,2131210693,323.75,331.75,323.25,328,6484522,2131210693,329.25,329.25
333.2,337.9,327.3,333.2,7226454,2403151819,333.2,337.9,327.3,333.2,7226454,2403151819,334.5,334.5
336.55,338.65,332.4,337,5180570,1737089360,336.55,338.65,332.4,337,5180570,1737089360,337.3,337.3
337.15,337.3,329,333.8,5337767,1778157435,337.15,337.3,329,333.8,5337767,1778157435,335.1,335.1
334.1,334.8,328.15,330,3311854,1095361342,334.1,334.8,328.15,330,3311854,1095361342,331.6,331.6
330,339.35,326.5,338,5143387,1711244779,330,339.35,326.5,338,5143387,1711244779,337.75,337.75
336.75,345.25,331.4,332.45,6944533,2352913401,336.75,345.25,331.4,332.45,6944533,2352913401,333.95,333.95
333,336.75,330.2,331.15,4118364,1370557152,333,336.75,330.2,331.15,4118364,1370557152,332.05,332.05
330.5,332.45,304.3,310.55,14744448,4639895655,330.5,332.45,304.3,310.55,14744448,4639895655,311.15,311.15
310.7,315.5,306,309.45,7769963,2420053641,310.7,315.5,306,309.45,7769963,2420053641,311.35,311.35
312,312.1,301.55,304.45,7904590,2419884255,312,312.1,301.55,304.45,7904590,2419884255,304.85,304.85
306.8,307.4,302.3,303.1,5063257,1542345676,306.8,307.4,302.3,303.1,5063257,1542345676,303.7,303.7
306.7,307.8,294.5,301.65,9363696,2828263625,306.7,307.8,294.5,301.65,9363696,2828263625,301.65,301.65
304,312,302,305.5,5443641,1670714384,304,312,302,305.5,5443641,1670714384,307.5,307.5
308,309.35,294.7,306.5,4097172,1244378613,308,309.35,294.7,306.5,4097172,1244378613,305.15,305.15
305,309.65,301.7,306.95,2893056,888096822.3,305,309.65,301.7,306.95,2893056,888096822.3,307.85,307.85
309,312.9,300.1,303,5906356,1816150681,309,312.9,300.1,303,5906356,1816150681,303.7,303.7
304.5,310.45,303.15,305.9,8555853,2617313200,304.5,310.45,303.15,305.9,8555853,2617313200,306.4,306.4
305.1,320.9,305,311.35,8331159,2612118833,305.1,320.9,305,311.35,8331159,2612118833,311.85,311.85
310,310.75,302.2,307.6,3511129,1071412128,310,310.75,302.2,307.6,3511129,1071412128,306.55,306.55
295.4,311.65,292.85,307,13229252,3987209443,295.4,311.65,292.85,307,13229252,3987209443,308.2,308.2
307,310.5,301,308.6,4688955,1432035442,307,310.5,301,308.6,4688955,1432035442,308.75,308.75
308.6,314.4,305.2,310,3472111,1081495541,308.6,314.4,305.2,310,3472111,1081495541,311.15,311.15
309,314.2,306.1,312.35,3076831,956707380.5,309,314.2,306.1,312.35,3076831,956707380.5,313.25,313.25
315,315.45,311,311.7,2977404,931209974.5,315,315.45,311,311.7,2977404,931209974.5,312.2,312.2
311.7,315.6,309.65,310.35,2006320,626768444.6,311.7,315.6,309.65,310.35,2006320,626768444.6,311.25,311.25
312.45,312.55,307.3,311.7,2196566,682189870.3,312.45,312.55,307.3,311.7,2196566,682189870.3,310.55,310.55
309,309.9,296.5,301.85,7726834,2327047956,309,309.9,296.5,301.85,7726834,2327047956,300.8,300.8
301,306.05,297.35,304.45,6063171,1826558970,301,306.05,297.35,304.45,6063171,1826558970,304.6,304.6
306.9,307.15,300.05,302.3,4001810,1207963435,306.9,307.15,300.05,302.3,4001810,1207963435,302.55,302.55
303.9,313.5,301.55,304.6,6844127,2112816067,303.9,313.5,301.55,304.6,6844127,2112816067,303.7,303.7
305.55,310.85,304.95,308.5,5603086,1724337807,305.55,310.85,304.95,308.5,5603086,1724337807,309,309
305.9,311,303,310.05,5232493,1601691929,305.9,311,303,310.05,5232493,1601691929,309.9,309.9
309.2,316.5,308.05,314,5587441,1753066480,309.2,316.5,308.05,314,5587441,1753066480,313.85,313.85
314,320,311.6,317.9,3744506,1184856425,314,320,311.6,317.9,3744506,1184856425,317.25,317.25
315.7,320.5,313.4,315.1,5012987,1587433097,315.7,320.5,313.4,315.1,5012987,1587433097,315.45,315.45
318.95,325.25,314.35,323.85,4080123,1302037857,318.95,325.25,314.35,323.85,4080123,1302037857,320.15,320.15
324.9,326.95,315.95,319.45,6928578,2217600560,324.9,326.95,315.95,319.45,6928578,2217600560,318.05,318.05
317.8,317.8,302.1,308,26657232,8200068545,317.8,317.8,302.1,308,26657232,8200068545,307.65,307.65
308,309.2,303.6,308,10271412,3148288827,308,309.2,303.6,308,10271412,3148288827,307.85,307.85
310.95,313.25,308.3,309,6392974,1985150299,310.95,313.25,308.3,309,6392974,1985150299,309.4,309.4
310,312.2,307,307.4,5828055,1803075390,310,312.2,307,307.4,5828055,1803075390,307.65,307.65
309.75,312,307.65,308.5,4002947,1239288746,309.75,312,307.65,308.5,4002947,1239288746,308.7,308.7
309.05,337.1,308.7,334.5,15374558,5007552527,309.05,337.1,308.7,334.5,15374558,5007552527,333.8,333.8
332.8,354,329.35,350.5,27100883,9393488236,332.8,354,329.35,350.5,27100883,9393488236,351.8,351.8
348.5,356.55,336.5,336.75,12612026,4336658540,348.5,356.55,336.5,336.75,12612026,4336658540,337.75,337.75
337,345.95,334.55,345.95,6246873,2126775306,337,345.95,334.55,345.95,6246873,2126775306,342.4,342.4
344,344.85,331.2,337.95,10397551,3500567165,344,344.85,331.2,337.95,10397551,3500567165,337.7,337.7
338,343.65,329.3,329.85,7007083,2336325906,338,343.65,329.3,329.85,7007083,2336325906,330.6,330.6
332,339.45,332,337.15,5082584,1708050316,332,339.45,332,337.15,5082584,1708050316,336.75,336.75
337.15,339.9,332.35,335,2982715,998877839.8,337.15,339.9,332.35,335,2982715,998877839.8,334,334
334,334,334,334,717691,239708794,334,334,334,334,717691,239708794,334,334
336,347.4,329.3,331.6,8213789,2773228314,336,347.4,329.3,331.6,8213789,2773228314,331.55,331.55
332.9,334.9,323.2,327.15,4734760,1555151118,332.9,334.9,323.2,327.15,4734760,1555151118,327,327
328.55,331.4,326.25,328.7,3827846,1256558101,328.55,331.4,326.25,328.7,3827846,1256558101,327.8,327.8
331,333,320.4,321.6,5364208,1759044880,331,333,320.4,321.6,5364208,1759044880,322.5,322.5
322.6,333,317.75,330.8,12272355,4016110330,322.6,333,317.75,330.8,12272355,4016110330,329.95,329.95
331,336.35,329,331.55,4459756,1484614630,331,336.35,329,331.55,4459756,1484614630,333.1,333.1
333.9,344.95,333.2,343,6381272,2170620965,333.9,344.95,333.2,343,6381272,2170620965,340.8,340.8
343,359,343,356,20054316,7083137291,343,359,343,356,20054316,7083137291,356.45,356.45
356,363,347.5,350.35,11041131,3945723940,356,363,347.5,350.35,11041131,3945723940,350,350
352,359.5,352,357,10966638,3907990802,352,359.5,352,357,10966638,3907990802,356.8,356.8
358.6,359.75,353.55,358.3,3359951,1196932772,358.6,359.75,353.55,358.3,3359951,1196932772,356.65,356.65
358.4,363.8,352.55,355.5,5097675,1824628792,358.4,363.8,352.55,355.5,5097675,1824628792,354.95,354.95
358.55,361,341.5,350.8,9079248,3166265503,358.55,361,341.5,350.8,9079248,3166265503,351.6,351.6
350.8,354.4,338,338.45,4289454,1489942764,350.8,354.4,338,338.45,4289454,1489942764,340,340
341.7,351.25,337.15,346.8,16393215,5670763245,341.7,351.25,337.15,346.8,16393215,5670763245,346.35,346.35
347,350.35,339,343,7525281,2586811770,347,350.35,339,343,7525281,2586811770,341.95,341.95
344.9,349,334.8,348,9201883,3141996800,344.9,349,334.8,348,9201883,3141996800,347.7,347.7
348,351.1,340.75,349.9,8579411,2969709034,348,351.1,340.75,349.9,8579411,2969709034,348.75,348.75
349.5,350.45,332.65,344.9,14545230,4973545566,349.5,350.45,332.65,344.9,14545230,4973545566,346.95,346.95
344,358.55,336.6,352,13824740,4793602359,344,358.55,336.6,352,13824740,4793602359,349.4,349.4
325,325.4,314.2,317.3,11412878,3645704178,325,325.4,314.2,317.3,11412878,3645704178,316.5,316.5
316.5,326.3,315.6,323.75,7029531,2264404261,316.5,326.3,315.6,323.75,7029531,2264404261,324.5,324.5
322.8,332.9,321,332.7,11305703,3704385818,322.8,332.9,321,332.7,11305703,3704385818,328.5,328.5
330,335.7,322.3,325.25,4908166,1604961951,330,335.7,322.3,325.25,4908166,1604961951,325.45,325.45
324,326.8,314.05,319.75,6026790,1921051530,324,326.8,314.05,319.75,6026790,1921051530,320.3,320.3
322.9,329.4,321.6,325.6,7779750,2537399687,322.9,329.4,321.6,325.6,7779750,2537399687,324.2,324.2
324.45,333.85,324.45,332.75,9718936,3214384372,324.45,333.85,324.45,332.75,9718936,3214384372,331.45,331.45
331.45,336.4,326.5,333.25,14596079,4847078172,331.45,336.4,326.5,333.25,14596079,4847078172,333.45,333.45
340,340.85,321.45,323.85,17408388,5754031865,340,340.85,321.45,323.85,17408388,5754031865,324.95,324.95
324.85,327.45,320.1,325,4774792,1546751379,324.85,327.45,320.1,325,4774792,1546751379,324.5,324.5
321.25,326.2,312.6,318.5,7850740,2516330735,321.25,326.2,312.6,318.5,7850740,2516330735,315.45,315.45
318.9,328.4,315.2,321.5,7711197,2490413927,318.9,328.4,315.2,321.5,7711197,2490413927,324.1,324.1
321.5,327.35,314.65,319.8,6498273,2101760015,321.5,327.35,314.65,319.8,6498273,2101760015,318.65,318.65
316,339.7,315.2,338,10752770,3549013290,316,339.7,315.2,338,10752770,3549013290,336.6,336.6
336,338,328.7,330.85,7639127,2548279800,336,338,328.7,330.85,7639127,2548279800,331.25,331.25
332,333.3,321.05,323.75,4507071,1470322760,332,333.3,321.05,323.75,4507071,1470322760,325.2,325.2
323.7,330.7,322.15,327,4042029,1317722486,323.7,330.7,322.15,327,4042029,1317722486,328.45,328.45
332.05,341.95,331,340,7713557,2590482820,332.05,341.95,331,340,7713557,2590482820,340.1,340.1
340,340.1,328.55,331,4237059,1415813121,340,340.1,328.55,331,4237059,1415813121,330.65,330.65
331,337.95,328.65,336.5,6666818,2226908908,331,337.95,328.65,336.5,6666818,2226908908,335.15,335.15
337.55,349,334.2,338.8,5349429,1826968826,337.55,349,334.2,338.8,5349429,1826968826,338.8,338.8
340.05,356,340,353,9576934,3343226110,340.05,356,340,353,9576934,3343226110,353.2,353.2
349.7,351.9,346.35,349,3930538,1371781665,349.7,351.9,346.35,349,3930538,1371781665,349.5,349.5
348.75,351.7,341.7,345.6,8484214,2930758175,348.75,351.7,341.7,345.6,8484214,2930758175,345.6,345.6
343.8,345.15,337.85,338.25,4497114,1530836678,343.8,345.15,337.85,338.25,4497114,1530836678,338.8,338.8
340,349.55,339.55,345.75,13891400,4808255042,340,349.55,339.55,345.75,13891400,4808255042,346.7,346.7
349,352.4,344.45,348.05,10825441,3774629215,349,352.4,344.45,348.05,10825441,3774629215,348.8,348.8
351.5,355.75,348.85,352.2,5118048,1801181215,351.5,355.75,348.85,352.2,5118048,1801181215,352.75,352.75
351,355.95,349.75,352.75,6625043,2335226389,351,355.95,349.75,352.75,6625043,2335226389,352.4,352.4
352.8,355.95,348.5,354.65,10317108,3631729960,352.8,355.95,348.5,354.65,10317108,3631729960,353.8,353.8
353.8,361.95,351.8,357,5771494,2061599627,353.8,361.95,351.8,357,5771494,2061599627,357.1,357.1
354.8,364.65,353.65,363.55,5882086,2118863222,354.8,364.65,353.65,363.55,5882086,2118863222,363.45,363.45
363,366.95,358.25,362.4,5563691,2015315454,363,366.95,358.25,362.4,5563691,2015315454,363.25,363.25
362.4,362.4,357.1,361,2815172,1013142259,362.4,362.4,357.1,361,2815172,1013142259,359.9,359.9
357.05,364.95,357.05,363.55,3768622,1366161652,357.05,364.95,357.05,363.55,3768622,1366161652,363.75,363.75
362.55,362.95,351.65,353.75,5075586,1805820114,362.55,362.95,351.65,353.75,5075586,1805820114,353.3,353.3
355.6,355.6,342.1,345.9,6956493,2422300785,355.6,355.6,342.1,345.9,6956493,2422300785,344,344
345.4,347.35,341.2,346.2,4885837,1679229679,345.4,347.35,341.2,346.2,4885837,1679229679,345.15,345.15
346.5,348,334.3,340.2,3934382,1344613716,346.5,348,334.3,340.2,3934382,1344613716,341.1,341.1
339.25,350,339.2,349.75,3498169,1213994436,339.25,350,339.2,349.75,3498169,1213994436,348.55,348.55
347.5,349.9,342.7,344.05,9584254,3312475281,347.5,349.9,342.7,344.05,9584254,3312475281,343.8,343.8
345.15,348.55,343.5,345.5,3249667,1125158202,345.15,348.55,343.5,345.5,3249667,1125158202,345.1,345.1
345.45,352,344.55,347.65,2796405,970937462.9,345.45,352,344.55,347.65,2796405,970937462.9,348.6,348.6
350,352,342.55,345.5,4645627,1611449213,350,352,342.55,345.5,4645627,1611449213,345.55,345.55
347.25,350.85,340.9,348.4,12895120,4469847676,347.25,350.85,340.9,348.4,12895120,4469847676,348.65,348.65
348.4,350,342.5,346.6,8576035,2967385045,348.4,350,342.5,346.6,8576035,2967385045,346.65,346.65
347,349.85,345.15,348.45,3405198,1183866722,347,349.85,345.15,348.45,3405198,1183866722,348.5,348.5
349,354.5,347.35,352.7,3745884,1317577944,349,354.5,347.35,352.7,3745884,1317577944,353.6,353.6
352.9,356.5,349.75,352.9,8317090,2945468490,352.9,356.5,349.75,352.9,8317090,2945468490,353.2,353.2
353.35,365,353,362.1,8407402,3041005084,353.35,365,353,362.1,8407402,3041005084,362.75,362.75
362.75,371.15,360.5,364.85,6751716,2465131393,362.75,371.15,360.5,364.85,6751716,2465131393,364.8,364.8
362,364.4,354.45,355.05,3478536,1250625593,362,364.4,354.45,355.05,3478536,1250625593,356.4,356.4
356,363.25,354.1,362.4,3859398,1385804610,356,363.25,354.1,362.4,3859398,1385804610,362.3,362.3
362.9,364.9,353.65,358,5201801,1861381544,362.9,364.9,353.65,358,5201801,1861381544,358.55,358.55
358.25,362.4,356.3,360.5,3448755,1240859068,358.25,362.4,356.3,360.5,3448755,1240859068,360.75,360.75
360.8,360.8,354.15,357.6,4662763,1659523341,360.8,360.8,354.15,357.6,4662763,1659523341,356.1,356.1
357.6,359.4,349.15,351,3459346,1219963056,357.6,359.4,349.15,351,3459346,1219963056,350.6,350.6
351,354.95,349.65,350.55,3584392,1259273114,351,354.95,349.65,350.55,3584392,1259273114,350.75,350.75
350.55,353.4,344.8,347.25,4677593,1629923636,350.55,353.4,344.8,347.25,4677593,1629923636,346.25,346.25
348,351.2,338.6,343,3642763,1257671938,348,351.2,338.6,343,3642763,1257671938,342.5,342.5
343.5,346,336.1,340.6,2470956,840777393.4,343.5,346,336.1,340.6,2470956,840777393.4,339.95,339.95
339,343.5,335.6,341.55,3062655,1043478827,339,343.5,335.6,341.55,3062655,1043478827,342.55,342.55
342.95,348.5,337.4,343.5,3614547,1239865489,342.95,348.5,337.4,343.5,3614547,1239865489,343.6,343.6
344,344.75,335.75,339.1,4751577,1607971421,344,344.75,335.75,339.1,4751577,1607971421,338.9,338.9
335,343.45,334.55,337.6,7460110,2537628518,335,343.45,334.55,337.6,7460110,2537628518,339,339
338,338.9,328.2,333.55,4995313,1664530945,338,338.9,328.2,333.55,4995313,1664530945,334.9,334.9
334.7,336.45,328.1,334,4979396,1662923115,334.7,336.45,328.1,334,4979396,1662923115,334.55,334.55
337,348.3,335.15,347.9,12722092,4381621009,337,348.3,335.15,347.9,12722092,4381621009,345.75,345.75
343.2,353.75,332.7,336,10861621,3703547310,343.2,353.75,332.7,336,10861621,3703547310,337.6,337.6
335,338.75,321.15,325,9773900,3221466825,335,338.75,321.15,325,9773900,3221466825,323.9,323.9
332,354.95,327.2,346.55,28059958,9482584584,332,354.95,327.2,346.55,28059958,9482584584,343.55,343.55
340.1,361.65,339.05,359.1,15227460,5306818438,340.1,361.65,339.05,359.1,15227460,5306818438,357.7,357.7
354.1,375.4,354.1,369,17019717,6221558067,354.1,375.4,354.1,369,17019717,6221558067,368.45,368.45
368,372.95,362.5,365.1,12524292,4614346251,368,372.95,362.5,365.1,12524292,4614346251,366.1,366.1
366,378.75,365.4,371.6,16050094,5991099343,366,378.75,365.4,371.6,16050094,5991099343,372.15,372.15
372,373.75,364.15,371.05,7700362,2846321509,372,373.75,364.15,371.05,7700362,2846321509,371.15,371.15
361.2,365,346.15,353.55,14028958,4945249386,361.2,365,346.15,353.55,14028958,4945249386,351.65,351.65
355,363.85,347.3,361,7669905,2754629477,355,363.85,347.3,361,7669905,2754629477,361.2,361.2
360,365,355,363.45,5719722,2060867754,360,365,355,363.45,5719722,2060867754,361.55,361.55
363.45,366.25,359.8,360.6,4521771,1642248181,363.45,366.25,359.8,360.6,4521771,1642248181,361,361
360.5,362.35,357.4,357.5,5266052,1893737659,360.5,362.35,357.4,357.5,5266052,1893737659,358.05,358.05
358,360.2,353.15,355.75,4046902,1444041805,358,360.2,353.15,355.75,4046902,1444041805,354.9,354.9
355,357.2,351,351.95,3113528,1102750260,355,357.2,351,351.95,3113528,1102750260,352.75,352.75
354,358.95,350.5,355.95,4590240,1631123457,354,358.95,350.5,355.95,4590240,1631123457,356.4,356.4
357.95,362.65,346.9,359.9,4931663,1767255263,357.95,362.65,346.9,359.9,4931663,1767255263,360.65,360.65
362.5,368.2,344.75,347.95,32201102,11257584649,362.5,368.2,344.75,347.95,32201102,11257584649,348.3,348.3
349.5,349.5,340.5,348,5524473,1903313946,349.5,349.5,340.5,348,5524473,1903313946,345.8,345.8
342.35,349.75,341.15,344.4,5929198,2044106396,342.35,349.75,341.15,344.4,5929198,2044106396,343.5,343.5
345,349.6,338.75,346.8,4765624,1641544494,345,349.6,338.75,346.8,4765624,1641544494,346.8,346.8
345.5,345.95,335.5,336,4226095,1438345493,345.5,345.95,335.5,336,4226095,1438345493,336.85,336.85
336,347.35,335.1,345,5144579,1764910139,336,347.35,335.1,345,5144579,1764910139,345.7,345.7
345,349.35,340.95,347.35,3264321,1127814367,345,349.35,340.95,347.35,3264321,1127814367,347.7,347.7
350.2,354,345.1,349.65,6274987,2196386190,350.2,354,345.1,349.65,6274987,2196386190,349.25,349.25
350.95,357.4,349.55,357.2,3712496,1312230845,350.95,357.4,349.55,357.2,3712496,1312230845,356.45,356.45
361.75,361.95,351.2,355.95,4810430,1711591052,361.75,361.95,351.2,355.95,4810430,1711591052,355.1,355.1
358.4,358.4,346.75,347.6,5535262,1935675479,358.4,358.4,346.75,347.6,5535262,1935675479,347.55,347.55
347.6,349.7,340.9,344,4920207,1687855755,347.6,349.7,340.9,344,4920207,1687855755,343.05,343.05
343,345.4,338.4,344,5010025,1719024142,343,345.4,338.4,344,5010025,1719024142,344,344
348.8,348.8,332.55,341.15,8329655,2815160505,348.8,348.8,332.55,341.15,8329655,2815160505,339.85,339.85
341.6,344.15,334.6,336.1,7490889,2522314243,341.6,344.15,334.6,336.1,7490889,2522314243,335.6,335.6
338.4,342.55,334.7,337,11672389,3939987421,338.4,342.55,334.7,337,11672389,3939987421,337.6,337.6
339.7,365.1,335.05,353.15,15528435,5473008709,339.7,365.1,335.05,353.15,15528435,5473008709,356.4,356.4
356,362.25,345,347.5,5746894,2024977044,356,362.25,345,347.5,5746894,2024977044,348,348
348,352,345.4,349,4722666,1647543977,348,352,345.4,349,4722666,1647543977,348.65,348.65
349.05,350.95,338,343,4610586,1579917669,349.05,350.95,338,343,4610586,1579917669,341.65,341.65
341.05,347.05,340.45,343.15,4867361,1675006189,341.05,347.05,340.45,343.15,4867361,1675006189,344.05,344.05
344,354.9,339.25,354,3353263,1158659777,344,354.9,339.25,354,3353263,1158659777,349.1,349.1
353,374.9,344.25,373.3,19616421,6986635478,353,374.9,344.25,373.3,19616421,6986635478,367.05,367.05
370,370.65,346.85,352,7208995,2569626490,370,370.65,346.85,352,7208995,2569626490,350.95,350.95
350.95,355.6,341.3,346.5,4944826,1724286614,350.95,355.6,341.3,346.5,4944826,1724286614,344.9,344.9
348.3,348.7,334.25,338.85,4705661,1601881135,348.3,348.7,334.25,338.85,4705661,1601881135,339.5,339.5
338,346.75,337.1,341.6,3500384,1200750769,338,346.75,337.1,341.6,3500384,1200750769,341.55,341.55
343.1,360.85,339,359.4,8685318,3074710631,343.1,360.85,339,359.4,8685318,3074710631,359.4,359.4
362.9,385,362,375.05,47660614,17932349997,362.9,385,362,375.05,47660614,17932349997,377.25,377.25
374.95,385.35,372.6,384.45,10908530,4130745360,374.95,385.35,372.6,384.45,10908530,4130745360,382.9,382.9
384.45,397,380.25,392.95,10729180,4191203205,384.45,397,380.25,392.95,10729180,4191203205,393.55,393.55
390,391.95,381.55,382.4,8585170,3311118513,390,391.95,381.55,382.4,8585170,3311118513,383.65,383.65
381.1,386.8,377.35,385,8912567,3424527100,381.1,386.8,377.35,385,8912567,3424527100,385.25,385.25
385,387.5,379.05,384.95,4787789,1836943323,385,387.5,379.05,384.95,4787789,1836943323,385.85,385.85
384.95,386.4,380.5,383.3,3979009,1524909665,384.95,386.4,380.5,383.3,3979009,1524909665,383.5,383.5
381.8,396.5,367.2,372.65,11357444,4379782615,381.8,396.5,367.2,372.65,11357444,4379782615,374.1,374.1
373.5,378,355,360.4,13337712,4855975330,373.5,378,355,360.4,13337712,4855975330,360.35,360.35
353.95,376.35,325.5,371,72697775,25485559618,353.95,376.35,325.5,371,72697775,25485559618,372.35,372.35
369.9,378.4,362.6,372.25,27754837,10266198839,369.9,378.4,362.6,372.25,27754837,10266198839,375.15,375.15
372,375.5,365.6,372.5,1995673,739983259.2,372,375.5,365.6,372.5,1995673,739983259.2,373.1,373.1
363,365.65,353.1,360.8,36231891,13035491121,363,365.65,353.1,360.8,36231891,13035491121,359.9,359.9
364.3,371.35,360.65,367.55,16869202,6196413523,364.3,371.35,360.65,367.55,16869202,6196413523,367.95,367.95
366.7,376.8,363.75,373.4,12794123,4737410713,366.7,376.8,363.75,373.4,12794123,4737410713,374.25,374.25
363.35,376.4,363.35,373.4,13682012,5082109740,363.35,376.4,363.35,373.4,13682012,5082109740,373.05,373.05
378.25,381.7,374,377.35,7620719,2883020032,378.25,381.7,374,377.35,7620719,2883020032,378,378
377,385.5,374.55,385,6641731,2532910326,377,385.5,374.55,385,6641731,2532910326,383.95,383.95
385,385.4,370.25,370.75,8181919,3070381465,385,385.4,370.25,370.75,8181919,3070381465,371.45,371.45
374.8,375.5,369.05,372.6,4816149,1793074500,374.8,375.5,369.05,372.6,4816149,1793074500,371.75,371.75
370,375.85,366.6,368.4,5982102,2215611611,370,375.85,366.6,368.4,5982102,2215611611,369.15,369.15
371.25,373.95,368.25,371.7,2774571,1029876195,371.25,373.95,368.25,371.7,2774571,1029876195,371.5,371.5
372.1,373.4,366.15,366.15,6424227,2373686078,372.1,373.4,366.15,366.15,6424227,2373686078,368.6,368.6
357.9,367.1,350.3,365.6,21091587,7557478154,357.9,367.1,350.3,365.6,21091587,7557478154,362.5,362.5
357.85,398.5,357.25,396,55174490,21236761449,357.85,398.5,357.25,396,55174490,21236761449,393.05,393.05
396,420.55,392.1,411.2,42661408,17482815977,396,420.55,392.1,411.2,42661408,17482815977,409.2,409.2
426.9,445.65,421.45,444.65,62786851,27107664376,426.9,445.65,421.45,444.65,62786851,27107664376,439.35,439.35
448.3,452.95,433.1,437.4,55644344,24715008245,448.3,452.95,433.1,437.4,55644344,24715008245,437.3,437.3
442.5,442.5,422.2,426.85,22178883,9492925448,442.5,442.5,422.2,426.85,22178883,9492925448,426.3,426.3
423,429.95,417,418.35,16775621,7093372571,423,429.95,417,418.35,16775621,7093372571,420.65,420.65
421.35,455.65,421.35,454.85,33483563,14805559335,421.35,455.65,421.35,454.85,33483563,14805559335,451.4,451.4
445,447,429.9,433.2,23466171,10228053379,445,447,429.9,433.2,23466171,10228053379,432.35,432.35
433.5,437,426.4,435.55,13336531,5753397587,433.5,437,426.4,435.55,13336531,5753397587,433.35,433.35
433.35,443.9,428.5,439.7,21940833,9559872652,433.35,443.9,428.5,439.7,21940833,9559872652,436.65,436.65
439.6,449.65,435.15,441.55,20010753,8880357951,439.6,449.65,435.15,441.55,20010753,8880357951,442.45,442.45
471.15,485.6,455.05,460.7,55735805,26240342189,471.15,485.6,455.05,460.7,55735805,26240342189,458.6,458.6
462.8,465.05,445.25,460.85,23871561,10851540325,462.8,465.05,445.25,460.85,23871561,10851540325,459.1,459.1
460.85,464.8,454.7,460.8,16541195,7612487953,460.85,464.8,454.7,460.8,16541195,7612487953,461.4,461.4
463.3,463.6,445.35,449.15,17317332,7813452899,463.3,463.6,445.35,449.15,17317332,7813452899,447.35,447.35
451.9,452.4,442.85,442.95,11415172,5104658563,451.9,452.4,442.85,442.95,11415172,5104658563,444.85,444.85
447.6,451.6,441.7,445.45,7865300,3513444503,447.6,451.6,441.7,445.45,7865300,3513444503,445.85,445.85
445.45,451,443.25,449.65,7140031,3195968753,445.45,451,443.25,449.65,7140031,3195968753,447,447
444.5,449.05,440.6,441.35,6803615,3023651472,444.5,449.05,440.6,441.35,6803615,3023651472,442.75,442.75
442.9,443.85,436.5,438,7389050,3255150537,442.9,443.85,436.5,438,7389050,3255150537,438.65,438.65
440,440.7,426,430,13074677,5630835347,440,440.7,426,430,13074677,5630835347,427.8,427.8
430.4,431.05,420.45,421,6962613,2959486504,430.4,431.05,420.45,421,6962613,2959486504,421.85,421.85
424.75,441.5,417.6,441,22991811,9849379561,424.75,441.5,417.6,441,22991811,9849379561,439.95,439.95
447,447.1,434.15,437.7,17654537,7737487614,447,447.1,434.15,437.7,17654537,7737487614,438.3,438.3
436,456.8,430.25,450.3,13974432,6175486191,436,456.8,430.25,450.3,13974432,6175486191,449.45,449.45
449.9,460.4,445.7,452.9,21289419,9662534197,449.9,460.4,445.7,452.9,21289419,9662534197,453.8,453.8
449.05,459.15,446.45,454.5,10434970,4720083422,449.05,459.15,446.45,454.5,10434970,4720083422,454.8,454.8
454.5,460,452.4,456.5,6845488,3126676828,454.5,460,452.4,456.5,6845488,3126676828,457.15,457.15
455.3,456.5,446,448.05,5887041,2654693993,455.3,456.5,446,448.05,5887041,2654693993,447.55,447.55
449,457.05,449,456.2,5887082,2667533905,449,457.05,449,456.2,5887082,2667533905,455.1,455.1
460,464.7,455.1,459.6,11917988,5489450494,460,464.7,455.1,459.6,11917988,5489450494,460.5,460.5
460,462.5,454.5,456,5116528,2349620438,460,462.5,454.5,456,5116528,2349620438,455.8,455.8
456.05,460.5,449.75,453.7,5059995,2299887461,456.05,460.5,449.75,453.7,5059995,2299887461,453.3,453.3
454.1,459.4,453.5,455.3,4842142,2205786807,454.1,459.4,453.5,455.3,4842142,2205786807,455.2,455.2
455.7,459.2,451.5,457.15,5059594,2301088400,455.7,459.2,451.5,457.15,5059594,2301088400,455.1,455.1
453.9,457.45,444.65,448.5,7399981,3329261289,453.9,457.45,444.65,448.5,7399981,3329261289,449.65,449.65
452,455.3,443.1,445.05,4273646,1916057157,452,455.3,443.1,445.05,4273646,1916057157,445.1,445.1
442.6,460.75,440.35,458.9,13858623,6247253977,442.6,460.75,440.35,458.9,13858623,6247253977,458.85,458.85
468.4,474.95,455.3,460.15,17845812,8262208879,468.4,474.95,455.3,460.15,17845812,8262208879,460.1,460.1
464.8,465.95,454.2,457.75,37029733,17079783926,464.8,465.95,454.2,457.75,37029733,17079783926,457,457
459,470.3,454.25,468.6,14925989,6912694440,459,470.3,454.25,468.6,14925989,6912694440,468.9,468.9
