320.8,330.7,320.25,329.45,30242005,9918246961,320.8,330.7,320.25,329.45,30242005,9918246961,329.3,329.3
329.75,340.75,326.55,334,26707100,8935405175,329.75,340.75,326.55,334,26707100,8935405175,334.1,334.1
334.05,344.2,334.05,343.35,43305353,14725189413,334.05,344.2,334.05,343.35,43305353,14725189413,343.25,343.25
350,353.2,343,346,31504669,10963642541,350,353.2,343,346,31504669,10963642541,346.15,346.15
347.45,355,340.8,354.15,18812611,6574941877,347.45,355,340.8,354.15,18812611,6574941877,353.6,353.6
352.4,352.9,344.8,350.25,15269782,5322721196,352.4,352.9,344.8,350.25,15269782,5322721196,351.5,351.5
350.45,364.45,350.45,361.7,22485663,8067826564,350.45,364.45,350.45,361.7,22485663,8067826564,362.3,362.3
357.75,359.2,351.8,353.2,12815095,4543436972,357.75,359.2,351.8,353.2,12815095,4543436972,352.75,352.75
352.5,364.8,350.7,360,30183655,10837607955,352.5,364.8,350.7,360,30183655,10837607955,360.8,360.8
360,365.7,355.6,357.15,17855095,6431819047,360,365.7,355.6,357.15,17855095,6431819047,357.65,357.65
356.8,356.8,350.5,353.3,13358981,4726175359,356.8,356.8,350.5,353.3,13358981,4726175359,353.25,353.25
348.85,353.95,343.6,353.15,22638319,7897536621,348.85,353.95,343.6,353.15,22638319,7897536621,352.95,352.95
347.55,355.9,343.8,346.8,29472295,10320662916,347.55,355.9,343.8,346.8,29472295,10320662916,346.2,346.2
342.55,343.7,333.7,335.1,16957983,5724605849,342.55,343.7,333.7,335.1,16957983,5724605849,335.1,335.1
327.6,334.25,327.05,330.2,17339547,5728449325,327.6,334.25,327.05,330.2,17339547,5728449325,329.7,329.7
315.25,337.95,313,332,18491736,6023299955,315.25,337.95,313,332,18491736,6023299955,330.7,330.7
335.35,336.4,329.9,332,11819190,3936610128,335.35,336.4,329.9,332,11819190,3936610128,332.55,332.55
332.55,338.4,329.5,333.55,10294899,3444595140,332.55,338.4,329.5,333.55,10294899,3444595140,333.85,333.85
325,328.65,322.65,327.5,9493398,3090254093,325,328.65,322.65,327.5,9493398,3090254093,326.75,326.75
328.85,329.2,323.25,325.95,8356351,2728928000,328.85,329.2,323.25,325.95,8356351,2728928000,326.25,326.25
327,327,316.55,317.65,15189066,4878546556,327,327,316.55,317.65,15189066,4878546556,318.95,318.95
322.15,331.8,322.15,328.75,23779772,7795832027,322.15,331.8,322.15,328.75,23779772,7795832027,328.65,328.65
330.35,334,318.8,321.8,17585994,5710388257,330.35,334,318.8,321.8,17585994,5710388257,321.05,321.05
329.5,329.6,315.2,320.2,19044107,6095538242,329.5,329.6,315.2,320.2,19044107,6095538242,319.75,319.75
320.5,324.2,316.3,316.9,16030558,5115246435,320.5,324.2,316.3,316.9,16030558,5115246435,317.25,317.25
319,320.7,315.7,318.75,9974873,3175413582,319,320.7,315.7,318.75,9974873,3175413582,319.2,319.2
317,319.3,313.95,319,25530698,8112180575,317,319.3,313.95,319,25530698,8112180575,318.35,318.35
319.05,324.05,318.35,323.85,7949765,2555689943,319.05,324.05,318.35,323.85,7949765,2555689943,322.75,322.75
325,327.8,323.15,326.15,7133735,2323490693,325,327.8,323.15,326.15,7133735,2323490693,327.05,327.05
327,327.05,319.65,322.9,9623651,3101427842,327,327.05,319.65,322.9,9623651,3101427842,322.15,322.15
315.15,317,311.1,314,17481687,5475509320,315.15,317,311.1,314,17481687,5475509320,313.25,313.25
312.65,314,304.25,304.4,18986889,5845250063,312.65,314,304.25,304.4,18986889,5845250063,304.95,304.95
304.45,306.5,299.3,303.6,14456193,4371801969,304.45,306.5,299.3,303.6,14456193,4371801969,303.35,303.35
307.4,307.7,294.2,294.75,18951451,5687868487,307.4,307.7,294.2,294.75,18951451,5687868487,295.05,295.05
293.3,293.8,285.35,287.8,31472773,9062922831,293.3,293.8,285.35,287.8,31472773,9062922831,286.7,286.7
290.25,298,289.25,297.9,21413552,6268318510,290.25,298,289.25,297.9,21413552,6268318510,296.95,296.95
299,299.5,290.7,293.55,12489587,3685897208,299,299.5,290.7,293.55,12489587,3685897208,292.7,292.7
295.6,301.9,293.75,301.5,12163952,3611536103,295.6,301.9,293.75,301.5,12163952,3611536103,300.65,300.65
300.1,307,299.6,304.85,15966647,4845465499,300.1,307,299.6,304.85,15966647,4845465499,304.35,304.35
303.15,307.45,297.8,305.95,12964285,3917772868,303.15,307.45,297.8,305.95,12964285,3917772868,306.05,306.05
305.75,305.75,300.4,300.95,13282019,4018320671,305.75,305.75,300.4,300.95,13282019,4018320671,301.45,301.45
301.25,301.85,297.4,299.25,28835112,8617212201,301.25,301.85,297.4,299.25,28835112,8617212201,298.1,298.1
298.1,300,291.25,294.45,13601784,4016806205,298.1,300,291.25,294.45,13601784,4016806205,294.55,294.55
293,297.2,290.25,292.3,10880002,3193306563,293,297.2,290.25,292.3,10880002,3193306563,292,292
295,295.05,287.35,289.6,13618228,3968064645,295,295.05,287.35,289.6,13618228,3968064645,289.2,289.2
289.5,289.65,280.9,283.1,24593489,6998652560,289.5,289.65,280.9,283.1,24593489,6998652560,283.25,283.25
277.1,277.85,273.55,274.3,31922568,8803030844,277.1,277.85,273.55,274.3,31922568,8803030844,275.55,275.55
276.1,283.15,275.95,281.35,24618534,6865245173,276.1,283.15,275.95,281.35,24618534,6865245173,281.65,281.65
284.5,287.3,281.4,283.3,22377328,6368729795,284.5,287.3,281.4,283.3,22377328,6368729795,283.9,283.9
283,283.3,277.1,278.9,27172599,7579456233,283,283.3,277.1,278.9,27172599,7579456233,278.35,278.35
273,273.85,258.8,262.4,73359584,19286273448,273,273.85,258.8,262.4,73359584,19286273448,261.85,261.85
261.4,271.5,261.4,270.2,40773239,10839355785,261.4,271.5,261.4,270.2,40773239,10839355785,270.05,270.05
267.25,273.3,265.5,268.1,33486876,9005417812,267.25,273.3,265.5,268.1,33486876,9005417812,268.65,268.65
267.8,280,267.7,278.4,26759108,7367938459,267.8,280,267.7,278.4,26759108,7367938459,278.65,278.65
278.4,282.95,277,279.95,31577015,8835462618,278.4,282.95,277,279.95,31577015,8835462618,280.65,280.65
277.75,283.45,274.35,281,31712527,8852647513,277.75,283.45,274.35,281,31712527,8852647513,280.85,280.85
279.45,294.45,279.05,288.7,44741783,12943353666,279.45,294.45,279.05,288.7,44741783,12943353666,288.8,288.8
287.75,287.9,282.35,285.3,16811454,4788332199,287.75,287.9,282.35,285.3,16811454,4788332199,284.55,284.55
285.3,289.9,283.55,287,22954325,6596551068,285.3,289.9,283.55,287,22954325,6596551068,286.75,286.75
288,291.1,285.8,288.1,17497198,5051433204,288,291.1,285.8,288.1,17497198,5051433204,288.25,288.25
285,288.95,284.1,287.5,16874313,4847744516,285,288.95,284.1,287.5,16874313,4847744516,287.6,287.6
287.6,293.25,286.8,291.9,15406113,4476404717,287.6,293.25,286.8,291.9,15406113,4476404717,291.75,291.75
293.7,294.9,289,290.1,20755245,6056657096,293.7,294.9,289,290.1,20755245,6056657096,290.05,290.05
291,291,287.3,290.65,17282341,4994030572,291,291,287.3,290.65,17282341,4994030572,289.6,289.6
289.25,290.15,279.7,282.5,19745690,5616193596,289.25,290.15,279.7,282.5,19745690,5616193596,282.15,282.15
280,282.8,275.25,279.15,11620499,3243028502,280,282.8,275.25,279.15,11620499,3243028502,279.4,279.4
279.35,286.6,279.35,284.5,15412234,4383457743,279.35,286.6,279.35,284.5,15412234,4383457743,284.1,284.1
284.05,285.65,276.85,279.5,7961352,2238460474,284.05,285.65,276.85,279.5,7961352,2238460474,278.9,278.9
279.8,280.4,275.35,278.7,14112673,3922515817,279.8,280.4,275.35,278.7,14112673,3922515817,278.85,278.85
277.4,291.7,276,287.8,16488361,4749749899,277.4,291.7,276,287.8,16488361,4749749899,287.9,287.9
288.95,291,282.3,284.7,9737559,2782098959,288.95,291,282.3,284.7,9737559,2782098959,284.2,284.2
283.65,283.75,275.55,277.15,14211445,3954249154,283.65,283.75,275.55,277.15,14211445,3954249154,276.9,276.9
277.3,283.65,277.3,281.85,14724116,4144925118,277.3,283.65,277.3,281.85,14724116,4144925118,281.9,281.9
280.45,285.6,278.35,282.8,11861951,3356787863,280.45,285.6,278.35,282.8,11861951,3356787863,282.85,282.85
284,293,282.85,293,19673100,5658336279,284,293,282.85,293,19673100,5658336279,289.8,289.8
302,314.5,300,308.5,87176185,26929185011,302,314.5,300,308.5,87176185,26929185011,309.3,309.3
305,309.8,304.25,306.75,20140490,6187770337,305,309.8,304.25,306.75,20140490,6187770337,306.8,306.8
308.45,312.9,305.7,307,16239386,5012495702,308.45,312.9,305.7,307,16239386,5012495702,306.85,306.85
307.95,311.85,307.55,310.55,16671145,5166917681,307.95,311.85,307.55,310.55,16671145,5166917681,310.95,310.95
310,311,305.15,309.4,10425585,3214039388,310,311,305.15,309.4,10425585,3214039388,310.1,310.1
310.7,317.5,305.05,308,16400700,5107955400,310.7,317.5,305.05,308,16400700,5107955400,308.25,308.25
303.9,304.9,295.3,296.95,25515791,7639362329,303.9,304.9,295.3,296.95,25515791,7639362329,297.25,297.25
299,299.95,294.05,294.95,10668400,3174519966,299,299.95,294.05,294.95,10668400,3174519966,296,296
294.15,295.3,284.6,287.8,17469524,5032309415,294.15,295.3,284.6,287.8,17469524,5032309415,286.1,286.1
289.5,293,287.75,289.75,23155638,6717590092,289.5,293,287.75,289.75,23155638,6717590092,289.3,289.3
289.5,293.85,286.85,292,11284988,3280083090,289.5,293.85,286.85,292,11284988,3280083090,290.3,290.3
288.85,298.4,288.8,291,15887229,4674361702,288.85,298.4,288.8,291,15887229,4674361702,292.05,292.05
293.7,299,291.2,298.15,11489424,3395227759,293.7,299,291.2,298.15,11489424,3395227759,297.7,297.7
298.4,300.95,294.6,296.2,13541580,4023518788,298.4,300.95,294.6,296.2,13541580,4023518788,295.65,295.65
293.75,302.3,293.35,299.3,19063427,5708512051,293.75,302.3,293.35,299.3,19063427,5708512051,299.25,299.25
298.75,298.75,288.3,289.95,12969969,3790765659,298.75,298.75,288.3,289.95,12969969,3790765659,289.9,289.9
285.9,288.15,282.75,285,25142319,7175523810,285.9,288.15,282.75,285,25142319,7175523810,284.9,284.9
285,288.95,279.3,287.15,23698686,6714446035,285,288.95,279.3,287.15,23698686,6714446035,285.8,285.8
295,299.95,286.85,288.8,29675949,8689595335,295,299.95,286.85,288.8,29675949,8689595335,289.3,289.3
293.3,293.3,285.55,287,17188567,4964376629,293.3,293.3,285.55,287,17188567,4964376629,286.75,286.75
288,288,283.1,284.7,12376050,3525747344,288,288,283.1,284.7,12376050,3525747344,284.1,284.1
285.7,286.9,281.1,284.1,16873633,4785379063,285.7,286.9,281.1,284.1,16873633,4785379063,283.9,283.9
287.5,293.05,287.15,291.05,20297969,5896012853,287.5,293.05,287.15,291.05,20297969,5896012853,290.9,290.9
290.1,290.9,285.5,288.5,11340014,3257198598,290.1,290.9,285.5,288.5,11340014,3257198598,288.25,288.25
285.4,290.35,283.2,286.5,16876061,4851459017,285.4,290.35,283.2,286.5,16876061,4851459017,286.4,286.4
288.55,289.15,285.25,287.75,14257648,4092114497,288.55,289.15,285.25,287.75,14257648,4092114497,287.4,287.4
289,292.9,286.4,290.75,10927770,3172523176,289,292.9,286.4,290.75,10927770,3172523176,290.75,290.75
290.85,290.85,284.1,285.4,11400592,3261173214,290.85,290.85,284.1,285.4,11400592,3261173214,284.75,284.75
287.2,288.5,280,282,47186222,13376814682,287.2,288.5,280,282,47186222,13376814682,282.5,282.5
284,294.2,283.4,294,27792317,8081027311,284,294.2,283.4,294,27792317,8081027311,293,293
295.5,295.5,288.35,292.3,27176748,7919650487,295.5,295.5,288.35,292.3,27176748,7919650487,292.8,292.8
292.6,294.6,291,293.6,20364143,5967466015,292.6,294.6,291,293.6,20364143,5967466015,293.2,293.2
294.8,300.35,294.55,297.95,30192796,8999953829,294.8,300.35,294.55,297.95,30192796,8999953829,297.95,297.95
298.2,302.7,295.65,301.45,17490606,5225762396,298.2,302.7,295.65,301.45,17490606,5225762396,300.65,300.65
299.8,300.5,288.8,289.7,15461874,4537338579,299.8,300.5,288.8,289.7,15461874,4537338579,289.7,289.7
287.55,289.1,284.7,288.3,11614686,3328266498,287.55,289.1,284.7,288.3,11614686,3328266498,288.1,288.1
287.9,287.9,274,279.65,25318055,7065093849,287.9,287.9,274,279.65,25318055,7065093849,279.05,279.05
278,278.4,269.8,270.75,34197884,9327012229,278,278.4,269.8,270.75,34197884,9327012229,271.4,271.4
272,276,269.6,274.7,20930477,5731208330,272,276,269.6,274.7,20930477,5731208330,275.4,275.4
274,279.9,271,277.3,69733139,19140099681,274,279.9,271,277.3,69733139,19140099681,277.4,277.4
275.9,276.8,272.2,273.25,14020388,3848715506,275.9,276.8,272.2,273.25,14020388,3848715506,272.9,272.9
274.2,274.85,271,273.25,8233522,2245365016,274.2,274.85,271,273.25,8233522,2245365016,273.25,273.25
273,275.5,270.75,271.95,7505990,2049804602,273,275.5,270.75,271.95,7505990,2049804602,271.55,271.55
271.1,271.95,267.05,270.15,26025797,7022024833,271.1,271.95,267.05,270.15,26025797,7022024833,270.05,270.05
273.9,274.7,270,271.05,18374471,5008214226,273.9,274.7,270,271.05,18374471,5008214226,271.2,271.2
272,275.95,271.9,273.2,14450561,3961077741,272,275.95,271.9,273.2,14450561,3961077741,273.4,273.4
274.55,274.9,267.5,268.7,12717543,3443169407,274.55,274.9,267.5,268.7,12717543,3443169407,268.75,268.75
270.4,273.7,269.05,271.6,15837704,4303432910,270.4,273.7,269.05,271.6,15837704,4303432910,272.3,272.3
273,273.3,266.05,267.85,19159840,5139499624,273,273.3,266.05,267.85,19159840,5139499624,267.75,267.75
265.3,266.6,256.5,258.2,29794402,7734072375,265.3,266.6,256.5,258.2,29794402,7734072375,259.25,259.25
260.25,267.5,260,266,15128995,3997629023,260.25,267.5,260,266,15128995,3997629023,266.45,266.45
266,267.35,261,264,22908592,6038212063,266,267.35,261,264,22908592,6038212063,262.7,262.7
263.95,264.35,259.4,261.3,15145144,3963327309,263.95,264.35,259.4,261.3,15145144,3963327309,261.2,261.2
261.8,267.7,261.8,265.8,13794388,3666872391,261.8,267.7,261.8,265.8,13794388,3666872391,265.8,265.8
265.35,276.3,265.35,275,16917863,4603594264,265.35,276.3,265.35,275,16917863,4603594264,275.55,275.55
273.65,277.9,273.35,274,12012225,3303034480,273.65,277.9,273.35,274,12012225,3303034480,274.35,274.35
273,276.6,272.25,274,17947377,4917365270,273,276.6,272.25,274,17947377,4917365270,274.65,274.65
275,286.5,273.25,284.3,36630780,10390873061,275,286.5,273.25,284.3,36630780,10390873061,285.65,285.65
284.9,295.15,282.2,292.25,30926969,8993214241,284.9,295.15,282.2,292.25,30926969,8993214241,293.2,293.2
300,308.45,294.25,307.5,56119080,16982950108,300,308.45,294.25,307.5,56119080,16982950108,307.35,307.35
304.3,308.5,302.2,303.6,20824059,6343610170,304.3,308.5,302.2,303.6,20824059,6343610170,304.25,304.25
302.6,305.65,296.8,297,15581508,4701932007,302.6,305.65,296.8,297,15581508,4701932007,299.3,299.3
295,300.75,294.1,298.35,14089168,4198768366,295,300.75,294.1,298.35,14089168,4198768366,298.55,298.55
300,306.75,297.55,306,14478902,4403125515,300,306.75,297.55,306,14478902,4403125515,305,305
306.95,318,306.8,314.5,25849864,8131998828,306.95,318,306.8,314.5,25849864,8131998828,315.1,315.1
313.95,318.15,310.4,313.5,20751145,6528827853,313.95,318.15,310.4,313.5,20751145,6528827853,313.15,313.15
313,320,308.25,318.2,17916047,5637983070,313,320,308.25,318.2,17916047,5637983070,318.7,318.7
320.25,345.85,320.25,332,76423347,25581091937,320.25,345.85,320.25,332,76423347,25581091937,333,333
334.05,340.3,325.35,327.75,36321097,12033411900,334.05,340.3,325.35,327.75,36321097,12033411900,328.6,328.6
324,327.45,322,325.9,15332907,4980533021,324,327.45,322,325.9,15332907,4980533021,324.9,324.9
324.7,333.5,324.7,332.4,15314006,5045850281,324.7,333.5,324.7,332.4,15314006,5045850281,332.45,332.45
329.55,339.2,328.75,335.85,37463597,12573774947,329.55,339.2,328.75,335.85,37463597,12573774947,334.3,334.3
336.8,342.2,335.85,340,24090696,8184164389,336.8,342.2,335.85,340,24090696,8184164389,340,340
340,342.45,336.7,337.9,13032778,4424896926,340,342.45,336.7,337.9,13032778,4424896926,338.45,338.45
338.3,341.85,334.05,338.15,16009673,5406170533,338.3,341.85,334.05,338.15,16009673,5406170533,338.85,338.85
336.55,338.7,334.75,336,18867868,6356369514,336.55,338.7,334.75,336,18867868,6356369514,337.2,337.2
334.4,335.5,327.3,329.85,17805968,5889553012,334.4,335.5,327.3,329.85,17805968,5889553012,330.15,330.15
331,342.3,330.95,339.8,28083933,9514982821,331,342.3,330.95,339.8,28083933,9514982821,339.9,339.9
342,343.5,336.3,338.25,16427306,5567929187,342,343.5,336.3,338.25,16427306,5567929187,338.9,338.9
336.35,342.65,335.8,339.7,18868248,6426051568,336.35,342.65,335.8,339.7,18868248,6426051568,340.65,340.65
339.2,345.45,337.7,344.2,22349447,7647825593,339.2,345.45,337.7,344.2,22349447,7647825593,344.35,344.35
343,346.8,338.5,341.6,19809916,6778703947,343,346.8,338.5,341.6,19809916,6778703947,342.6,342.6
343.6,344,332.55,335,12859450,4339499871,343.6,344,332.55,335,12859450,4339499871,334.15,334.15
334.8,336.45,327.25,329,15470215,5118689355,334.8,336.45,327.25,329,15470215,5118689355,328.5,328.5
327,331.35,324.6,329,14548867,4770315020,327,331.35,324.6,329,14548867,4770315020,329.65,329.65
330,331.25,325.5,327.95,11322771,3724325241,330,331.25,325.5,327.95,11322771,3724325241,328.65,328.65
327.45,336.4,322.45,333.3,16435004,5445550438,327.45,336.4,322.45,333.3,16435004,5445550438,335.1,335.1
331.8,335.75,330.4,333.3,16673909,5555674715,331.8,335.75,330.4,333.3,16673909,5555674715,332.9,332.9
333.7,336.7,325.1,326.35,13005562,4305891635,333.7,336.7,325.1,326.35,13005562,4305891635,326.55,326.55
327,327.05,318.5,323,15263406,4919012378,327,327.05,318.5,323,15263406,4919012378,322.9,322.9
327.2,332,324.15,328.9,10736693,3509141222,327.2,332,324.15,328.9,10736693,3509141222,328.35,328.35
327.3,327.5,321.35,326.15,7227361,2346688348,327.3,327.5,321.35,326.15,7227361,2346688348,325.7,325.7
324.25,328.05,317.7,319.15,14825218,4778535270,324.25,328.05,317.7,319.15,14825218,4778535270,318.85,318.85
320,324.7,317,320.45,15942065,5116011729,320,324.7,317,320.45,15942065,5116011729,320.95,320.95
323.45,333.7,308.35,318.2,34169460,11065015113,323.45,333.7,308.35,318.2,34169460,11065015113,317.1,317.1
316.8,316.8,305.55,308.4,24382310,7602149466,316.8,316.8,305.55,308.4,24382310,7602149466,308.75,308.75
307,313.5,300.05,310.95,30472132,9324188148,307,313.5,300.05,310.95,30472132,9324188148,311.1,311.1
315,315.3,305.1,312.9,23224979,7218370089,315,315.3,305.1,312.9,23224979,7218370089,313.1,313.1
315.65,316,305.3,308.3,24888615,7664732141,315.65,316,305.3,308.3,24888615,7664732141,306.65,306.65
309.1,311.6,301.8,306,26289107,8043035899,309.1,311.6,301.8,306,26289107,8043035899,305.55,305.55
306.3,315.05,300.55,314.2,21104376,6507068919,306.3,315.05,300.55,314.2,21104376,6507068919,314,314
311.1,314.5,302.45,304.5,19105555,5891504758,311.1,314.5,302.45,304.5,19105555,5891504758,303.7,303.7
299,321.25,294.8,316,56268976,17499083978,299,321.25,294.8,316,56268976,17499083978,316.5,316.5
314.65,321.85,299.35,304.5,36131946,11332568206,314.65,321.85,299.35,304.5,36131946,11332568206,307.3,307.3
307.3,314.05,298.6,311.55,20488368,6302582165,307.3,314.05,298.6,311.55,20488368,6302582165,310.85,310.85
311.45,311.9,303,304.95,14852835,4555160647,311.45,311.9,303,304.95,14852835,4555160647,306.25,306.25
307.1,322.95,304.5,319,23972064,7583181768,307.1,322.95,304.5,319,23972064,7583181768,319.85,319.85
310,315.45,304,312,21691068,6762871025,310,315.45,304,312,21691068,6762871025,311.7,311.7
313.85,324.25,313.6,318.5,25930022,8300253071,313.85,324.25,313.6,318.5,25930022,8300253071,319.4,319.4
316.9,317.9,309.55,312.95,23756416,7442311286,316.9,317.9,309.55,312.95,23756416,7442311286,313.35,313.35
313.75,322.95,313.75,320.25,18042549,5774910211,313.75,322.95,313.75,320.25,18042549,5774910211,320.65,320.65
325.1,328.15,311.65,316,20203287,6503271287,325.1,328.15,311.65,316,20203287,6503271287,314.8,314.8
312.85,321.5,310.2,315.95,18322589,5801428400,312.85,321.5,310.2,315.95,18322589,5801428400,315.45,315.45
320.2,329.85,316.1,328.2,33593953,10925632747,320.2,329.85,316.1,328.2,33593953,10925632747,327.1,327.1
323,328.6,318.35,324.9,21509920,6957896563,323,328.6,318.35,324.9,21509920,6957896563,322.85,322.85
328.75,330,316.25,321.95,33104174,10727877743,328.75,330,316.25,321.95,33104174,10727877743,322,322
318.5,322.05,311.8,319.45,26920180,8553637569,318.5,322.05,311.8,319.45,26920180,8553637569,319.95,319.95
319.8,323.4,313,314.3,22952163,7308774695,319.8,323.4,313,314.3,22952163,7308774695,315.65,315.65
329,352.95,328.3,351.45,80069836,27340170439,329,352.95,328.3,351.45,80069836,27340170439,349.4,349.4
347.45,353.85,342.9,346,34460428,11994671335,347.45,353.85,342.9,346,34460428,11994671335,345.7,345.7
345.5,356.55,342.3,353.4,31233009,10911164113,345.5,356.55,342.3,353.4,31233009,10911164113,355,355
357,358.45,351.1,353.85,22157128,7854279299,357,358.45,351.1,353.85,22157128,7854279299,353.7,353.7
354,357.8,351.7,354.6,26714413,9488861109,354,357.8,351.7,354.6,26714413,9488861109,354.45,354.45
351,351.85,348,349,22873951,8005472753,351,351.85,348,349,22873951,8005472753,349.65,349.65
348.7,358.3,347.65,353.1,21349153,7532569939,348.7,358.3,347.65,353.1,21349153,7532569939,353.1,353.1
356.75,357,354.55,355.9,2074764,738196154.7,356.75,357,354.55,355.9,2074764,738196154.7,355.9,355.9
356.9,358.1,352.4,357.1,15130936,5377974598,356.9,358.1,352.4,357.1,15130936,5377974598,356.85,356.85
356,358.2,351.5,352.75,10642857,3772126286,356,358.2,351.5,352.75,10642857,3772126286,352.35,352.35
347.8,361.95,347.8,361.4,17684864,6294116193,347.8,361.95,347.8,361.4,17684864,6294116193,360.9,360.9
365,369.9,361.3,366.3,31774158,11623677322,365,369.9,361.3,366.3,31774158,11623677322,366.6,366.6
366.1,374.9,362.1,369.75,21967798,8114927271,366.1,374.9,362.1,369.75,21967798,8114927271,370,370
370.1,375.3,365.55,366.95,29972926,11095508954,370.1,375.3,365.55,366.95,29972926,11095508954,367.55,367.55
368.3,370.7,360.75,363.5,16002154,5819530640,368.3,370.7,360.75,363.5,16002154,5819530640,362.4,362.4
362,365.45,354.6,357.15,19591217,7034876811,362,365.45,354.6,357.15,19591217,7034876811,357.9,357.9
356.35,360.3,353.05,356.8,29323882,10460810060,356.35,360.3,353.05,356.8,29323882,10460810060,356.75,356.75
357.65,358.5,351,351.9,12547369,4448716546,357.65,358.5,351,351.9,12547369,4448716546,352.05,352.05
354.75,357.85,350.7,356,20673027,7333149770,354.75,357.85,350.7,356,20673027,7333149770,356.35,356.35
355.75,356.1,351.6,353.35,17933339,6347740480,355.75,356.1,351.6,353.35,17933339,6347740480,354.65,354.65
356.95,361.55,353.25,357.55,18163000,6470349088,356.95,361.55,353.25,357.55,18163000,6470349088,359,359
363,366.4,360.2,362.2,38692771,14040432292,363,366.4,360.2,362.2,38692771,14040432292,362.2,362.2
365,365,353.8,355.25,21893877,7837769720,365,365,353.8,355.25,21893877,7837769720,355.15,355.15
358.9,358.9,352.1,355.5,23427270,8311709672,358.9,358.9,352.1,355.5,23427270,8311709672,355.5,355.5
353.3,359.1,353.3,357.75,18651442,6657506203,353.3,359.1,353.3,357.75,18651442,6657506203,357.95,357.95
355.3,356.35,350.45,351.25,12068267,4261396400,355.3,356.35,350.45,351.25,12068267,4261396400,351.4,351.4
348.2,349.95,343.35,348,17784829,6166323892,348.2,349.95,343.35,348,17784829,6166323892,347.65,347.65
349.6,353,345.3,351.3,14979672,5236129107,349.6,353,345.3,351.3,14979672,5236129107,352.2,352.2
346.5,349.45,344.25,346.25,14107881,4893873312,346.5,349.45,344.25,346.25,14107881,4893873312,346.35,346.35
337.4,345,336,342.6,36885929,12572134172,337.4,345,336,342.6,36885929,12572134172,342.8,342.8
342.8,351.7,339.4,349.15,24740214,8597624040,342.8,351.7,339.4,349.15,24740214,8597624040,349.95,349.95
352.9,354.2,347.6,349.55,19129928,6719905789,352.9,354.2,347.6,349.55,19129928,6719905789,349.55,349.55
349.2,354.05,349.15,351,12104234,4263313403,349.2,354.05,349.15,351,12104234,4263313403,351.9,351.9
352.3,360.5,352.3,358.5,18378122,6590710546,352.3,360.5,352.3,358.5,18378122,6590710546,358.45,358.45
356.75,362.9,354.6,362.5,15405953,5523310101,356.75,362.9,354.6,362.5,15405953,5523310101,362.25,362.25
363,369.25,361,366.85,19442031,7116102357,363,369.25,361,366.85,19442031,7116102357,366.5,366.5
363.05,365.5,361.15,362.8,12109613,4400840597,363.05,365.5,361.15,362.8,12109613,4400840597,362.15,362.15
361,363.5,352,355.05,13555416,4828201206,361,363.5,352,355.05,13555416,4828201206,354.2,354.2
353.4,357.1,351.5,352.45,9025217,3196092373,353.4,357.1,351.5,352.45,9025217,3196092373,352.75,352.75
350.65,356.9,348.15,356.45,8695108,3064767255,350.65,356.9,348.15,356.45,8695108,3064767255,355.85,355.85
359.5,360.75,354.9,355.25,10122458,3620143571,359.5,360.75,354.9,355.25,10122458,3620143571,355.65,355.65
358.3,362.8,358.3,360.55,13004606,4694454597,358.3,362.8,358.3,360.55,13004606,4694454597,360.75,360.75
362.8,363.5,359.5,360.8,7314108,2641601465,362.8,363.5,359.5,360.8,7314108,2641601465,360.15,360.15
361.5,364.8,356.4,364.2,7759872,2796307883,361.5,364.8,356.4,364.2,7759872,2796307883,363.75,363.75
361.5,367.9,360.3,364.3,18243156,6656364660,361.5,367.9,360.3,364.3,18243156,6656364660,364.6,364.6
365,367.3,362.05,362.1,12884409,4706846631,365,367.3,362.05,362.1,12884409,4706846631,363.25,363.25
361.85,368.8,358.05,366.35,22896026,8310166818,361.85,368.8,358.05,366.35,22896026,8310166818,365.2,365.2
367.5,371,366.55,367.65,12719847,4695125834,367.5,371,366.55,367.65,12719847,4695125834,367.7,367.7
367.8,381.8,366.6,379.3,21501136,8080718598,367.8,381.8,366.6,379.3,21501136,8080718598,380.15,380.15
381.65,383.55,375.6,382.25,21730142,8278415395,381.65,383.55,375.6,382.25,21730142,8278415395,382.25,382.25
380.95,382.15,376.05,379.9,14497154,5493801552,380.95,382.15,376.05,379.9,14497154,5493801552,379.5,379.5
380.6,381.2,375.25,377.55,12537973,4734286599,380.6,381.2,375.25,377.55,12537973,4734286599,378.55,378.55
378.7,378.7,372.7,373.4,14844029,5557219983,378.7,378.7,372.7,373.4,14844029,5557219983,373.35,373.35
373.55,375.4,370.6,373,12960779,4830604870,373.55,375.4,370.6,373,12960779,4830604870,372.75,372.75
372.05,379.75,372.05,375.25,15106484,5695948570,372.05,379.75,372.05,375.25,15106484,5695948570,375.3,375.3
376,377.95,372.8,374.4,13171721,4942285394,376,377.95,372.8,374.4,13171721,4942285394,374.6,374.6
374.6,376.4,370.35,372,12212121,4556394213,374.6,376.4,370.35,372,12212121,4556394213,372,372
373,376.15,370.6,371.45,8908581,3323835410,373,376.15,370.6,371.45,8908581,3323835410,371.7,371.7
370.55,372.5,366.1,368.95,14756076,5438899264,370.55,372.5,366.1,368.95,14756076,5438899264,369.05,369.05
368.8,373.7,366.45,367.4,9726450,3605038779,368.8,373.7,366.45,367.4,9726450,3605038779,367.4,367.4
366.6,368.5,361.75,365.55,17521254,6396115646,366.6,368.5,361.75,365.55,17521254,6396115646,364.8,364.8
362.35,364.65,354.55,358.25,22978238,8258062121,362.35,364.65,354.55,358.25,22978238,8258062121,357.2,357.2
353.2,354.9,336.65,344.75,34362360,11800595451,353.2,354.9,336.65,344.75,34362360,11800595451,343.55,343.55
342.95,350.1,341.35,350,20738442,7144308111,342.95,350.1,341.35,350,20738442,7144308111,346.85,346.85
351,368.6,351,368.4,39400056,14258564641,351,368.6,351,368.4,39400056,14258564641,365.9,365.9
372.7,376.65,354.1,364.7,85917249,31547366628,372.7,376.65,354.1,364.7,85917249,31547366628,364.45,364.45
364.5,364.9,348.75,353.35,25605469,9150847914,364.5,364.9,348.75,353.35,25605469,9150847914,354.65,354.65
351,356.9,346,354.7,17039321,5986494241,351,356.9,346,354.7,17039321,5986494241,354.55,354.55
354.6,356.1,348.85,353.5,12197271,4293958415,354.6,356.1,348.85,353.5,12197271,4293958415,352.65,352.65
353.6,361.9,353.2,359.25,15396216,5525113789,353.6,361.9,353.2,359.25,15396216,5525113789,359.3,359.3
359.1,361.8,356.5,358.45,10247434,3683213888,359.1,361.8,356.5,358.45,10247434,3683213888,358.65,358.65
356.9,358.4,350.75,354.45,9308651,3296590691,356.9,358.4,350.75,354.45,9308651,3296590691,355.1,355.1
354.6,354.7,349.05,351.5,9419635,3312040714,354.6,354.7,349.05,351.5,9419635,3312040714,350.05,350.05
349,352,343.25,344,14924394,5198950700,349,352,343.25,344,14924394,5198950700,344.3,344.3
345.05,347.75,339.05,339.5,11742509,4027750963,345.05,347.75,339.05,339.5,11742509,4027750963,339.75,339.75
339.85,346.85,336.15,343.95,15172596,5193503696,339.85,346.85,336.15,343.95,15172596,5193503696,343.95,343.95
344.05,347.75,340.6,342.6,20316848,6981109543,344.05,347.75,340.6,342.6,20316848,6981109543,342.15,342.15
342.2,343,337.55,338.5,10601490,3601345684,342.2,343,337.55,338.5,10601490,3601345684,338.75,338.75
339.1,350.4,339.1,342.7,14384763,4975726980,339.1,350.4,339.1,342.7,14384763,4975726980,343.25,343.25
345,347.6,342.35,345.7,9474758,3270564642,345,347.6,342.35,345.7,9474758,3270564642,345.2,345.2
346.8,354.95,346.25,351.5,18631331,6561502807,346.8,354.95,346.25,351.5,18631331,6561502807,351.3,351.3
351.4,354.1,351.3,352,10997730,3876001805,351.4,354.1,351.3,352,10997730,3876001805,352.05,352.05
353.05,357.45,353.05,355.7,10344411,3678918946,353.05,357.45,353.05,355.7,10344411,3678918946,355.6,355.6
350,352.7,346.6,348.5,18096382,6322792025,350,352.7,346.6,348.5,18096382,6322792025,348.2,348.2
351,354.7,343.3,345.3,17325417,6028256162,351,354.7,343.3,345.3,17325417,6028256162,345.55,345.55
348.45,351.75,345,351.05,18347113,6383005152,348.45,351.75,345,351.05,18347113,6383005152,350.15,350.15
352.05,355,350.65,354.1,14190221,5006184572,352.05,355,350.65,354.1,14190221,5006184572,354.25,354.25
355,364.15,352.8,361.75,17638277,6331819070,355,364.15,352.8,361.75,17638277,6331819070,363.25,363.25
365.25,372.85,365.25,371.25,31436190,11635522990,365.25,372.85,365.25,371.25,31436190,11635522990,371.95,371.95
371.5,374,368.5,370.3,15355303,5693784331,371.5,374,368.5,370.3,15355303,5693784331,370.8,370.8
369.8,373.4,367.65,370.7,16143455,5980341594,369.8,373.4,367.65,370.7,16143455,5980341594,370.6,370.6
371.8,378.4,370,375.4,11449587,4302600073,371.8,378.4,370,375.4,11449587,4302600073,375.85,375.85
378,389,377.35,388.7,37108265,14336524396,378,389,377.35,388.7,37108265,14336524396,388.2,388.2
387.9,393.25,384.3,391.15,19574619,7617126028,387.9,393.25,384.3,391.15,19574619,7617126028,391.9,391.9
392,393,386.8,388,13182462,5130245990,392,393,386.8,388,13182462,5130245990,387.9,387.9
388.85,398.25,388.1,395.8,31466545,12420043711,388.85,398.25,388.1,395.8,31466545,12420043711,395.3,395.3
396.25,399.9,393.5,399.65,21220626,8414467499,396.25,399.9,393.5,399.65,21220626,8414467499,398.05,398.05
398.4,400.95,393.9,397.85,11670392,4646580189,398.4,400.95,393.9,397.85,11670392,4646580189,398.4,398.4
397.6,398.15,392.2,393.9,14181408,5594415550,397.6,398.15,392.2,393.9,14181408,5594415550,392.9,392.9
392.9,392.9,392.9,392.9,1029163,404358142.7,392.9,392.9,392.9,392.9,1029163,404358142.7,392.9,392.9
394.45,396.3,390,391.45,17409249,6840121878,394.45,396.3,390,391.45,17409249,6840121878,391.8,391.8
387.95,387.95,382.5,383.4,12345034,4745538489,387.95,387.95,382.5,383.4,12345034,4745538489,383.5,383.5
384.95,395.5,383.4,394.7,14063632,5477210935,384.95,395.5,383.4,394.7,14063632,5477210935,394.1,394.1
395.4,398.45,390.15,392.5,17950017,7076351530,395.4,398.45,390.15,392.5,17950017,7076351530,393.2,393.2
392.75,401.9,392.75,399.05,23117485,9222326164,392.75,401.9,392.75,399.05,23117485,9222326164,400.55,400.55
402.15,402.4,395.1,399.1,18813782,7508686815,402.15,402.4,395.1,399.1,18813782,7508686815,400.5,400.5
401.45,409.55,395.75,397,16106604,6515525110,401.45,409.55,395.75,397,16106604,6515525110,398.25,398.25
400,400,393.45,398.55,13010810,5151407888,400,400,393.45,398.55,13010810,5151407888,397.15,397.15
399,402.8,390.65,392.55,12317200,4890028525,399,402.8,390.65,392.55,12317200,4890028525,392.1,392.1
394.4,395.7,387.3,388.9,14521564,5677934997,394.4,395.7,387.3,388.9,14521564,5677934997,388.75,388.75
389.25,392.5,385.6,391.75,10853927,4220193868,389.25,392.5,385.6,391.75,10853927,4220193868,390.55,390.55
391.45,391.45,385,387.15,6305407,2449056155,391.45,391.45,385,387.15,6305407,2449056155,387.1,387.1
387.4,398.35,387.15,397.15,13206348,5184788587,387.4,398.35,387.15,397.15,13206348,5184788587,397.15,397.15
395.55,398.8,392.7,393.5,14000018,5538861238,395.55,398.8,392.7,393.5,14000018,5538861238,394.2,394.2
394.5,394.5,387.55,390,8704774,3397110260,394.5,394.5,387.55,390,8704774,3397110260,390.05,390.05
390.6,395.55,388.25,393.45,7035256,2759661617,390.6,395.55,388.25,393.45,7035256,2759661617,394.6,394.6
394.2,396.95,391.8,392.6,9770752,3858415194,394.2,396.95,391.8,392.6,9770752,3858415194,392.75,392.75
397.5,408.4,397.5,407.95,24487788,9912576445,397.5,408.4,397.5,407.95,24487788,9912576445,407,407
411,411,402.6,403.35,18660434,7589094891,411,411,402.6,403.35,18660434,7589094891,404.4,404.4
404.25,404.6,393.7,394.75,10493872,4179106013,404.25,404.6,393.7,394.75,10493872,4179106013,394.5,394.5
396.1,399.95,393.6,397,10203957,4052765464,396.1,399.95,393.6,397,10203957,4052765464,396.5,396.5
397.1,402.65,393.45,401.6,11397163,4533610329,397.1,402.65,393.45,401.6,11397163,4533610329,401.1,401.1
400.9,402.4,394.3,395.65,16524091,6581039961,400.9,402.4,394.3,395.65,16524091,6581039961,395.4,395.4
400,408,394.25,407.2,14286163,5747563972,400,408,394.25,407.2,14286163,5747563972,407.2,407.2
407.75,409.8,403.3,405.75,19375553,7889956795,407.75,409.8,403.3,405.75,19375553,7889956795,407.5,407.5
403.7,405,394.4,394.75,16572948,6626740084,403.7,405,394.4,394.75,16572948,6626740084,395.55,395.55
397.15,405.2,394.7,402.75,24431248,9788606917,397.15,405.2,394.7,402.75,24431248,9788606917,401.8,401.8
396.5,404.9,394.65,401.8,20751521,8311728383,396.5,404.9,394.65,401.8,20751521,8311728383,401.3,401.3
398,407.35,384.3,386.2,41519416,16490179115,398,407.35,384.3,386.2,41519416,16490179115,386.5,386.5
386.3,390,380.1,382.4,22509400,8664635646,386.3,390,380.1,382.4,22509400,8664635646,382.2,382.2
380.95,385.7,377.55,382,19739885,7542390729,380.95,385.7,377.55,382,19739885,7542390729,381.4,381.4
383.5,389.2,382.25,383.65,18361701,7087276210,383.5,389.2,382.25,383.65,18361701,7087276210,385.1,385.1
385,385.75,375.25,377.4,13828080,5266051879,385,385.75,375.25,377.4,13828080,5266051879,376.3,376.3
378.1,386.75,376.5,381.5,21481226,8214663938,378.1,386.75,376.5,381.5,21481226,8214663938,380.4,380.4
382.35,384.5,375.8,376.8,16183425,6173380128,382.35,384.5,375.8,376.8,16183425,6173380128,377.05,377.05
379,385,377.55,382.95,13430281,5115876986,379,385,377.55,382.95,13430281,5115876986,382.5,382.5
381.2,392,380.75,391.15,19096980,7382538891,381.2,392,380.75,391.15,19096980,7382538891,389.7,389.7
405.25,414,402,408.25,33350816,13646075946,405.25,414,402,408.25,33350816,13646075946,407.7,407.7
408.6,410.8,397.6,400.3,18286421,7390653909,408.6,410.8,397.6,400.3,18286421,7390653909,400.15,400.15
403,408.4,401.55,405.4,15370847,6240850926,403,408.4,401.55,405.4,15370847,6240850926,405.35,405.35
414,427.95,407.4,411.5,43279956,18064470982,414,427.95,407.4,411.5,43279956,18064470982,410.85,410.85
415.5,433.55,412.65,432.5,37708344,16003750690,415.5,433.55,412.65,432.5,37708344,16003750690,431.75,431.75
432.25,438.8,429.65,435.05,23397222,10148567219,432.25,438.8,429.65,435.05,23397222,10148567219,435.5,435.5
435.05,439.2,428.1,437,23389724,10129200999,435.05,439.2,428.1,437,23389724,10129200999,434.3,434.3
428.6,430.45,422.1,423.5,22132254,9423765484,428.6,430.45,422.1,423.5,22132254,9423765484,423.3,423.3
420.85,428,419.6,427.95,18281037,7764104262,420.85,428,419.6,427.95,18281037,7764104262,426.2,426.2
427,430.2,414.3,421.6,24644955,10450423695,427,430.2,414.3,421.6,24644955,10450423695,423.7,423.7
426,426.4,419.6,422.85,17125380,7246549135,426,426.4,419.6,422.85,17125380,7246549135,422.9,422.9
417.7,422.75,417.5,419,14514451,6096070588,417.7,422.75,417.5,419,14514451,6096070588,419.1,419.1
417.4,417.85,410.35,411.3,17762399,7360203168,417.4,417.85,410.35,411.3,17762399,7360203168,411.55,411.55
413.5,418.95,407.9,417.45,14107696,5851027471,413.5,418.95,407.9,417.45,14107696,5851027471,416.6,416.6
418.9,422.75,413,416.1,13074522,5452431738,418.9,422.75,413,416.1,13074522,5452431738,416.1,416.1
418.45,423.7,413.05,422,10939138,4592812523,418.45,423.7,413.05,422,10939138,4592812523,421.35,421.35
422,422,414.8,418.6,11136959,4647163887,422,422,414.8,418.6,11136959,4647163887,418,418
416.7,422.3,415.3,420.15,12164077,5092118754,416.7,422.3,415.3,420.15,12164077,5092118754,419.6,419.6
420.3,422,416.1,417.6,8601256,3602745409,420.3,422,416.1,417.6,8601256,3602745409,417.75,417.75
418.95,419.7,413.15,414.8,9539802,3964982808,418.95,419.7,413.15,414.8,9539802,3964982808,414.2,414.2
415.45,426.05,415.1,422.4,17761348,7487788912,415.45,426.05,415.1,422.4,17761348,7487788912,422.15,422.15
423.75,426,417.35,421.1,17010384,7184114384,423.75,426,417.35,421.1,17010384,7184114384,419.8,419.8
419.75,434.65,419,433,24315929,10400898894,419.75,434.65,419,433,24315929,10400898894,433.4,433.4
434.2,435.2,428.85,431,13909654,6008334357,434.2,435.2,428.85,431,13909654,6008334357,430.8,430.8
431.45,433.8,428.2,430.15,8545999,3682615225,431.45,433.8,428.2,430.15,8545999,3682615225,429.45,429.45
427.9,434.8,424.6,433,12964387,5566569760,427.9,434.8,424.6,433,12964387,5566569760,433.65,433.65
432.5,440,432.5,438.2,12261068,5365262507,432.5,440,432.5,438.2,12261068,5365262507,438.65,438.65
438,443.9,437.6,439.3,18787957,8286503742,438,443.9,437.6,439.3,18787957,8286503742,440.95,440.95
439.5,440.5,433.6,436.7,13459208,5884939194,439.5,440.5,433.6,436.7,13459208,5884939194,437.1,437.1
439.5,442,437.7,438,6871979,3027269268,439.5,442,437.7,438,6871979,3027269268,439,439
439,440,433.6,436.9,7787303,3398464352,439,440,433.6,436.9,7787303,3398464352,436.75,436.75
437.9,440,434.2,435.55,10415896,4547375341,437.9,440,434.2,435.55,10415896,4547375341,435.95,435.95
438,441.4,434.1,434.4,11810688,5177940305,438,441.4,434.1,434.4,11810688,5177940305,436.2,436.2
436.45,439.9,433.2,435.65,12154330,5308871074,436.45,439.9,433.2,435.65,12154330,5308871074,436.35,436.35
434,435.35,422,426.75,12184946,5211553599,434,435.35,422,426.75,12184946,5211553599,425.9,425.9
426,429.8,424.65,428.1,11679067,4997093444,426,429.8,424.65,428.1,11679067,4997093444,428.5,428.5
430,432.7,427.2,431.7,16494282,7095953645,430,432.7,427.2,431.7,16494282,7095953645,430.9,430.9
432.65,432.9,424.8,425.85,16535185,7060047739,432.65,432.9,424.8,425.85,16535185,7060047739,426.55,426.55
427.3,433,424,427.3,8824728,3774992119,427.3,433,424,427.3,8824728,3774992119,427.05,427.05
428.4,428.4,421.6,422.55,7825336,3316303938,428.4,428.4,421.6,422.55,7825336,3316303938,422.3,422.3
421.55,430.55,421.55,424.75,12149205,5189289509,421.55,430.55,421.55,424.75,12149205,5189289509,424.6,424.6
424.6,427.05,422.5,424.4,10961022,4655039848,424.6,427.05,422.5,424.4,10961022,4655039848,424.7,424.7
425,425.5,417.5,418.65,10651654,4487535588,425,425.5,417.5,418.65,10651654,4487535588,418.65,418.65
419.9,420.35,408.5,411.8,12260757,5065177929,419.9,420.35,408.5,411.8,12260757,5065177929,410.3,410.3
409.75,412.95,404.25,411.85,17937246,7352709902,409.75,412.95,404.25,411.85,17937246,7352709902,411.5,411.5
412.8,416,409.75,410.9,14207080,5880090845,412.8,416,409.75,410.9,14207080,5880090845,411.95,411.95
411.85,411.85,401.7,407.9,16505930,6715646903,411.85,411.85,401.7,407.9,16505930,6715646903,408.5,408.5
409.2,413.85,405.3,410.25,16852479,6892665789,409.2,413.85,405.3,410.25,16852479,6892665789,409,409
410.25,419.4,408.55,419.15,17493739,7237591427,410.25,419.4,408.55,419.15,17493739,7237591427,415.75,415.75
433,435.35,425.3,427.8,46754670,20121277372,433,435.35,425.3,427.8,46754670,20121277372,429.35,429.35
433,438.7,422.75,427.25,23617273,10203148627,433,438.7,422.75,427.25,23617273,10203148627,425.35,425.35
423.9,430.2,421.2,425.85,22329888,9495605717,423.9,430.2,421.2,425.85,22329888,9495605717,424.6,424.6
423.25,426.35,410.65,418.65,18269866,7656815098,423.25,426.35,410.65,418.65,18269866,7656815098,417.05,417.05
413.9,417.85,405.5,411,30939803,12696139252,413.9,417.85,405.5,411,30939803,12696139252,410.6,410.6
403.65,406.65,395.75,403.05,25033370,10043943343,403.65,406.65,395.75,403.05,25033370,10043943343,402.65,402.65
401,411.5,400.9,410.55,30665326,12521214684,401,411.5,400.9,410.55,30665326,12521214684,410.25,410.25
409.3,415,406.3,407.4,20977349,8633243520,409.3,415,406.3,407.4,20977349,8633243520,408.4,408.4
411,416.6,404.15,416.25,19046657,7792706985,411,416.6,404.15,416.25,19046657,7792706985,414.4,414.4
416.5,422.4,414.5,421.35,17664017,7403662921,416.5,422.4,414.5,421.35,17664017,7403662921,420.15,420.15
417,421.7,409.15,409.85,18389104,7648346484,417,421.7,409.15,409.85,18389104,7648346484,410.25,410.25
411.9,422.2,411.25,416.9,13307755,5565883355,411.9,422.2,411.25,416.9,13307755,5565883355,417.3,417.3
417.8,420,412.1,419.2,15154141,6309578175,417.8,420,412.1,419.2,15154141,6309578175,418.95,418.95
420.1,427.9,420.1,423.45,12304262,5225224538,420.1,427.9,420.1,423.45,12304262,5225224538,423.4,423.4
420.8,423.2,412.5,416.65,16181488,6753998015,420.8,423.2,412.5,416.65,16181488,6753998015,416.9,416.9
416,418.7,410.55,411.5,12868183,5343457015,416,418.7,410.55,411.5,12868183,5343457015,412.05,412.05
411,412.5,398,398.85,18182520,7348057394,411,412.5,398,398.85,18182520,7348057394,399.1,399.1
389,403.5,385.8,395.9,26883695,10599558655,389,403.5,385.8,395.9,26883695,10599558655,395.4,395.4
407,414,392.85,413.25,26701988,10796549055,407,414,392.85,413.25,26701988,10796549055,411.65,411.65
412.8,420.5,411.25,418.4,28793372,12008603661,412.8,420.5,411.25,418.4,28793372,12008603661,418.6,418.6
418,418.25,409.7,412.7,12154347,5037546078,418,418.25,409.7,412.7,12154347,5037546078,412.95,412.95
409.9,410.8,399.35,406.3,30331105,12263525190,409.9,410.8,399.35,406.3,30331105,12263525190,404.4,404.4
406.5,412.85,402.65,411.35,18314194,7461525668,406.5,412.85,402.65,411.35,18314194,7461525668,409.65,409.65
405.05,406.4,391.05,391.85,20194305,8002458000,405.05,406.4,391.05,391.85,20194305,8002458000,392.15,392.15
391,399.65,389.9,397.95,18614965,7366389453,391,399.65,389.9,397.95,18614965,7366389453,397.5,397.5
389.55,394,388,388.6,25022673,9777946780,389.55,394,388,388.6,25022673,9777946780,389,389
391,394.5,389.2,392.05,17564286,6885227551,391,394.5,389.2,392.05,17564286,6885227551,391.35,391.35
393,400.4,389.1,395.85,18651819,7389247022,393,400.4,389.1,395.85,18651819,7389247022,395.45,395.45
394.9,399,393.35,394.2,17463978,6912074096,394.9,399,393.35,394.2,17463978,6912074096,394.6,394.6
399.65,407.2,399.65,402.6,19577114,7916740655,399.65,407.2,399.65,402.6,19577114,7916740655,402.7,402.7
406.8,414.9,400.65,413.7,17775449,7248327671,406.8,414.9,400.65,413.7,17775449,7248327671,413.4,413.4
408.5,415.65,406.75,411.5,17629622,7267226168,408.5,415.65,406.75,411.5,17629622,7267226168,412.15,412.15
405.85,411.9,398.3,400.25,20793363,8443079216,405.85,411.9,398.3,400.25,20793363,8443079216,400.65,400.65
405.45,405.45,396.5,399.25,18477377,7402558813,405.45,405.45,396.5,399.25,18477377,7402558813,399.35,399.35
395.7,395.7,384.35,386.3,22647508,8803902969,395.7,395.7,384.35,386.3,22647508,8803902969,386.6,386.6
389,424,386.65,415.75,75217723,30974402470,389,424,386.65,415.75,75217723,30974402470,417.5,417.5
435.8,450,428.45,442,57490445,25384929545,435.8,450,428.45,442,57490445,25384929545,446.3,446.3
441.5,448.65,433.35,441,26639931,11706341827,441.5,448.65,433.35,441,26639931,11706341827,440.9,440.9
439.1,440.95,429.6,434.8,19987241,8681434244,439.1,440.95,429.6,434.8,19987241,8681434244,434.2,434.2
439,458.65,438.55,451.7,40909369,18388443640,439,458.65,438.55,451.7,40909369,18388443640,451.95,451.95
449.5,451.85,443.3,450,19432963,8694402092,449.5,451.85,443.3,450,19432963,8694402092,449.2,449.2
443.3,445.15,431,433.8,27524660,12002099399,443.3,445.15,431,433.8,27524660,12002099399,433.7,433.7
436.95,443.2,416.7,425.6,30623906,13199943610,436.95,443.2,416.7,425.6,30623906,13199943610,424.6,424.6
424,434.6,422.3,427.5,23275379,9979609655,424,434.6,422.3,427.5,23275379,9979609655,427.3,427.3
428.5,429.3,412.05,413.1,17952697,7557412590,428.5,429.3,412.05,413.1,17952697,7557412590,413.9,413.9
415.1,423.5,411.5,416.1,21933703,9174623043,415.1,423.5,411.5,416.1,21933703,9174623043,416.1,416.1
420.25,438.4,417.1,436.5,34533981,14798267534,420.25,438.4,417.1,436.5,34533981,14798267534,436.7,436.7
430,431.5,420.5,424.5,19074005,8102611371,430,431.5,420.5,424.5,19074005,8102611371,423.7,423.7
427.95,433.25,422.1,427.9,18004922,7711124796,427.95,433.25,422.1,427.9,18004922,7711124796,428.55,428.55
430,436.4,426,427.6,17211042,7419058637,430,436.4,426,427.6,17211042,7419058637,428.85,428.85
430,435.45,428.2,432.2,14971985,6463881607,430,435.45,428.2,432.2,14971985,6463881607,431.85,431.85
434.5,439.5,431.15,435.8,17833051,7769251556,434.5,439.5,431.15,435.8,17833051,7769251556,435.3,435.3
436,443.35,433.7,440.75,12452421,5464134193,436,443.35,433.7,440.75,12452421,5464134193,440.6,440.6
437.7,443.7,435.25,437.1,15988455,7017206607,437.7,443.7,435.25,437.1,15988455,7017206607,437.8,437.8
440.5,458.7,437.55,451.75,34966169,15774471226,440.5,458.7,437.55,451.75,34966169,15774471226,451.15,451.15
452,459,448.2,456.35,25196183,11468295251,452,459,448.2,456.35,25196183,11468295251,455.1,455.1
457.4,459,451,455.5,23542540,10703831743,457.4,459,451,455.5,23542540,10703831743,454.75,454.75
457.7,470.65,454.4,469.2,34397573,15931420717,457.7,470.65,454.4,469.2,34397573,15931420717,469.1,469.1
471,473.5,465,467.8,8207818,3850009414,471,473.5,465,467.8,8207818,3850009414,469.55,469.55
470.2,482,466.85,476,33686172,16005584352,470.2,482,466.85,476,33686172,16005584352,477.4,477.4
479,479,470,470.65,22396012,10581202221,479,479,470,470.65,22396012,10581202221,471.15,471.15
475,476.75,461.3,463.95,21198377,9953360561,475,476.75,461.3,463.95,21198377,9953360561,463.05,463.05
466.65,466.95,460.5,462.9,13522994,6272808818,466.65,466.95,460.5,462.9,13522994,6272808818,462.25,462.25
463,472.3,463,471,16254715,7627042746,463,472.3,463,471,16254715,7627042746,470.5,470.5
472.1,474,466.9,468.25,14952189,7019324503,472.1,474,466.9,468.25,14952189,7019324503,468.35,468.35
467.15,483.9,464.75,480,24922680,11870020811,467.15,483.9,464.75,480,24922680,11870020811,480.7,480.7
483,483,475.65,479.6,18312032,8759957484,483,483,475.65,479.6,18312032,8759957484,478.55,478.55
480.75,496,480.3,490,52207121,25558194807,480.75,496,480.3,490,52207121,25558194807,489.45,489.45
488,499,484.6,497.25,24766065,12197944598,488,499,484.6,497.25,24766065,12197944598,496.8,496.8
496.8,497.5,483.3,487,24272664,11931577537,496.8,497.5,483.3,487,24272664,11931577537,485.75,485.75
489.75,499.85,483.75,498.05,35396276,17449708738,489.75,499.85,483.75,498.05,35396276,17449708738,498.65,498.65
497.85,509.7,496,498.85,42074833,21197467232,497.85,509.7,496,498.85,42074833,21197467232,499.85,499.85
498.75,504.45,496.65,499,22910109,11452220256,498.75,504.45,496.65,499,22910109,11452220256,498.35,498.35
497.95,502,489.85,494.3,27939336,13864492101,497.95,502,489.85,494.3,27939336,13864492101,493.5,493.5
495.2,498,492.5,494.85,22606112,11194744009,495.2,498,492.5,494.85,22606112,11194744009,495,495
498.1,503.8,491.25,499,25745594,12845846676,498.1,503.8,491.25,499,25745594,12845846676,498.25,498.25
501.1,501.75,492.15,497.65,18462401,9183724342,501.1,501.75,492.15,497.65,18462401,9183724342,496.8,496.8
492,500,491.55,498.45,25692878,12748604394,492,500,491.55,498.45,25692878,12748604394,497.8,497.8
501.8,517.55,501,513,286857658,1.46196E+11,501.8,517.55,501,513,286857658,1.46196E+11,510.7,510.7
513.9,515.85,504.3,506.75,29866539,15163592466,513.9,515.85,504.3,506.75,29866539,15163592466,505.5,505.5
509.55,520,508,518.1,35706498,18434010957,509.55,520,508,518.1,35706498,18434010957,519.15,519.15
516,516.5,510.3,512.5,13324549,6834329289,516,516.5,510.3,512.5,13324549,6834329289,512.6,512.6
513.45,514,507.25,510.95,10130049,5170711728,513.45,514,507.25,510.95,10130049,5170711728,510.9,510.9
509.75,511.25,504.65,510.75,12795657,6496632779,509.75,511.25,504.65,510.75,12795657,6496632779,509.35,509.35
510,531.35,509.3,528.8,30992538,16193581501,510,531.35,509.3,528.8,30992538,16193581501,529.25,529.25
532.55,537.5,526.05,527.45,32354118,17202849522,532.55,537.5,526.05,527.45,32354118,17202849522,528.1,528.1
530.05,533.5,521.65,525.25,24868376,13126497460,530.05,533.5,521.65,525.25,24868376,13126497460,524.8,524.8
524.05,529.3,522.2,526.85,12980877,6839909550,524.05,529.3,522.2,526.85,12980877,6839909550,526.5,526.5
526.05,530.25,524.7,529.75,12021443,6346126632,526.05,530.25,524.7,529.75,12021443,6346126632,528.7,528.7
530.6,535.2,527.2,533.65,13768156,7329724633,530.6,535.2,527.2,533.65,13768156,7329724633,533.55,533.55
534.85,537.1,529.8,535.5,12385216,6609242990,534.85,537.1,529.8,535.5,12385216,6609242990,535.35,535.35
537.9,542.8,535.7,537.1,17884861,9630966598,537.9,542.8,535.7,537.1,17884861,9630966598,537.05,537.05
539.5,541.4,536.7,539.75,13070575,7048931964,539.5,541.4,536.7,539.75,13070575,7048931964,539.25,539.25
540.95,543,538.75,541.95,11516163,6227061415,540.95,543,538.75,541.95,11516163,6227061415,541.15,541.15
542.05,542.9,535.95,542,12906168,6955055168,542.05,542.9,535.95,542,12906168,6955055168,541.4,541.4
537.2,541.2,533.7,540.5,12082790,6497431434,537.2,541.2,533.7,540.5,12082790,6497431434,540.2,540.2
540.95,549.5,539.25,546.1,27691592,15104720412,540.95,549.5,539.25,546.1,27691592,15104720412,546.1,546.1
547,548.85,537.6,541.15,11521942,6248665810,547,548.85,537.6,541.15,11521942,6248665810,541.3,541.3
542,543.95,539.3,541.85,6715007,3635353390,542,543.95,539.3,541.85,6715007,3635353390,541.1,541.1
541.1,542.4,537.65,538.8,7831074,4227359240,541.1,542.4,537.65,538.8,7831074,4227359240,538.75,538.75
541,550.5,538.35,549.5,11247684,6135679009,541,550.5,538.35,549.5,11247684,6135679009,549.4,549.4
549.6,552.2,542.6,544.5,13180302,7203722747,549.6,552.2,542.6,544.5,13180302,7203722747,543.95,543.95
543.8,543.8,538,538.65,12491978,6747414239,543.8,543.8,538,538.65,12491978,6747414239,538.9,538.9
539.9,542.5,535.7,538,7642793,4111822133,539.9,542.5,535.7,538,7642793,4111822133,536.75,536.75
536,541.9,535.85,540.8,10264223,5536965874,536,541.9,535.85,540.8,10264223,5536965874,540.6,540.6
538,540.8,536.25,539.5,9594690,5166326490,538,540.8,536.25,539.5,9594690,5166326490,538.85,538.85
537.25,537.25,523.8,525.7,12534334,6612005688,537.25,537.25,523.8,525.7,12534334,6612005688,525.7,525.7
531.3,535.6,521.65,524.15,16101835,8480927247,531.3,535.6,521.65,524.15,16101835,8480927247,522.9,522.9
516,527.35,515,525.8,16094310,8395981308,516,527.35,515,525.8,16094310,8395981308,525.95,525.95
530.7,547.4,530.3,545.6,18934019,10257378596,530.7,547.4,530.3,545.6,18934019,10257378596,546.3,546.3
544.9,546.5,538.5,540.15,12335407,6692860338,544.9,546.5,538.5,540.15,12335407,6692860338,540.25,540.25
539.4,546.05,538,539,7901800,4275800485,539.4,546.05,538,539,7901800,4275800485,538.6,538.6
536.2,538.95,534.15,538.15,13939440,7477421563,536.2,538.95,534.15,538.15,13939440,7477421563,537.6,537.6
