1707.1,1710.3,1675,1686,1682.4,997313,1683437514,1707.1,1710.3,1675,1686,997313,1682.4,1683437514
1691.75,1692,1660,1668,1664.6,829183,1388383586,1691.75,1692,1660,1668,829183,1664.6,1388383586
1664.1,1678.75,1645.4,1661.7,1657.45,600044,996204230.6,1664.1,1678.75,1645.4,1661.7,600044,1657.45,996204230.6
1679,1707,1667,1679.75,1680.1,2327815,3939072034,1679,1707,1667,1679.75,2327815,1680.1,3939072034
1683,1692.25,1670.8,1680.55,1684,497099,835882350.1,1683,1692.25,1670.8,1680.55,497099,1684,835882350.1
1684,1695.8,1676.6,1689,1683.2,820236,1384225275,1684,1695.8,1676.6,1689,820236,1683.2,1384225275
1690,1730,1680,1729,1723.35,1763797,3014249925,1690,1730,1680,1729,1763797,1723.35,3014249925
1725,1738.8,1705,1721,1717.3,968956,1665756651,1725,1738.8,1705,1721,968956,1717.3,1665756651
1723,1735.35,1703.7,1730,1730.2,2169317,3739156003,1723,1735.35,1703.7,1730,2169317,1730.2,3739156003
1730.2,1751.05,1724,1733.45,1742.5,1232573,2145375384,1730.2,1751.05,1724,1733.45,1232573,1742.5,2145375384
1745,1746.85,1721.25,1742,1736.05,653937,1132697315,1745,1746.85,1721.25,1742,653937,1736.05,1132697315
1735,1761,1725.1,1750,1753.1,1237098,2159419495,1735,1761,1725.1,1750,1237098,1753.1,2159419495
1754,1817.8,1733.85,1783,1795.45,3720115,6658136127,1754,1817.8,1733.85,1783,3720115,1795.45,6658136127
1774.9,1779.5,1734.2,1750.15,1761.3,2192706,3862219248,1774.9,1779.5,1734.2,1750.15,2192706,1761.3,3862219248
1721,1739.05,1683.05,1715,1713,1600927,2738473755,1721,1739.05,1683.05,1715,1600927,1713,2738473755
1650.55,1701.9,1644.5,1701.2,1682.85,1846944,3090327827,1650.55,1701.9,1644.5,1701.2,1846944,1682.85,3090327827
1704,1717.15,1658.6,1665,1661.75,1423804,2387994612,1704,1717.15,1658.6,1665,1423804,1661.75,2387994612
1680,1684.95,1662.3,1669.9,1670.85,801569,1341377880,1680,1684.95,1662.3,1669.9,801569,1670.85,1341377880
1650,1659.55,1635.6,1651,1649.85,1206481,1990659472,1650,1659.55,1635.6,1651,1206481,1649.85,1990659472
1649.85,1700,1645.2,1696.1,1687.8,864259,1443380261,1649.85,1700,1645.2,1696.1,864259,1687.8,1443380261
1702,1709.5,1679.3,1682.05,1694.45,884974,1501463980,1702,1709.5,1679.3,1682.05,884974,1694.45,1501463980
1696,1703.65,1669,1685.65,1686.15,872147,1473396675,1696,1703.65,1669,1685.65,872147,1686.15,1473396675
1694,1696.75,1650,1651.1,1658.9,1088167,1827477210,1694,1696.75,1650,1651.1,1088167,1658.9,1827477210
1657.8,1657.8,1616,1637,1630.45,1151645,1880346801,1657.8,1657.8,1616,1637,1151645,1630.45,1880346801
1632.05,1649.05,1618.3,1626,1622.7,859058,1404008233,1632.05,1649.05,1618.3,1626,859058,1622.7,1404008233
1636,1636,1590,1597,1594.25,1425276,2287904519,1636,1636,1590,1597,1425276,1594.25,2287904519
1593,1631,1586.2,1626,1623.5,2073919,3350488173,1593,1631,1586.2,1626,2073919,1623.5,3350488173
1623.5,1647.85,1619,1647.85,1643.5,616552,1009792127,1623.5,1647.85,1619,1647.85,616552,1643.5,1009792127
1648,1700,1648,1691.35,1691.3,1023854,1724674446,1648,1700,1648,1691.35,1023854,1691.3,1724674446
1700.15,1703.9,1678.65,1682.05,1685.2,529068,894232234.5,1700.15,1703.9,1678.65,1682.05,529068,1685.2,894232234.5
1673.9,1688.6,1661.05,1679.1,1680.75,913679,1531001417,1673.9,1688.6,1661.05,1679.1,913679,1680.75,1531001417
1674.75,1708.95,1673.5,1700,1700.35,760617,1291348283,1674.75,1708.95,1673.5,1700,760617,1700.35,1291348283
1688,1697.75,1676.65,1690,1689.2,789108,1331350325,1688,1697.75,1676.65,1690,789108,1689.2,1331350325
1705,1732,1700.05,1710,1710.3,1674469,2875901355,1705,1732,1700.05,1710,1674469,1710.3,2875901355
1701,1713.95,1686.2,1708.95,1704.25,1138136,1936915070,1701,1713.95,1686.2,1708.95,1138136,1704.25,1936915070
1711.9,1718.25,1682.45,1692.55,1694.15,1112679,1884409737,1711.9,1718.25,1682.45,1692.55,1112679,1694.15,1884409737
1702,1708.2,1685,1699,1697.55,1281268,2175460751,1702,1708.2,1685,1699,1281268,1697.55,2175460751
1705,1738.8,1705,1734.9,1735.3,858788,1480605477,1705,1738.8,1705,1734.9,858788,1735.3,1480605477
1734.9,1751,1715.8,1730.5,1729.5,797998,1386561942,1734.9,1751,1715.8,1730.5,797998,1729.5,1386561942
1724,1736.55,1710.65,1732.5,1733.35,685008,1180047767,1724,1736.55,1710.65,1732.5,685008,1733.35,1180047767
1733,1750,1724,1741,1741.75,604484,1050431657,1733,1750,1724,1741,604484,1741.75,1050431657
1741,1753.35,1720,1729.95,1724.7,2412430,4177498548,1741,1753.35,1720,1729.95,2412430,1724.7,4177498548
1731,1732.95,1713.05,1716,1718.8,1392321,2395139625,1731,1732.95,1713.05,1716,1392321,1718.8,2395139625
1711.1,1738,1702.1,1718.05,1716.65,779431,1339975118,1711.1,1738,1702.1,1718.05,779431,1716.65,1339975118
1716.65,1743.8,1716.65,1735,1731.45,1456002,2524721290,1716.65,1743.8,1716.65,1735,1456002,1731.45,2524721290
1737.8,1762.9,1735.1,1753.9,1753.1,1549193,2708551567,1737.8,1762.9,1735.1,1753.9,1549193,1753.1,2708551567
1731,1756.8,1725,1749.4,1749.5,1854651,3227794801,1731,1756.8,1725,1749.4,1854651,1749.5,3227794801
1751.7,1773.1,1748.2,1759.45,1759.75,1796664,3161518973,1751.7,1773.1,1748.2,1759.45,1796664,1759.75,3161518973
1772,1796,1758.8,1785.1,1788.2,852040,1511486089,1772,1796,1758.8,1785.1,852040,1788.2,1511486089
1772.15,1807,1772.15,1800,1796.75,2380088,4273587940,1772.15,1807,1772.15,1800,2380088,1796.75,4273587940
1801.6,1809.9,1787.5,1809.35,1804.6,663945,1196750196,1801.6,1809.9,1787.5,1809.35,663945,1804.6,1196750196
1795,1841.2,1795,1825.5,1829.7,1152587,2108237145,1795,1841.2,1795,1825.5,1152587,1829.7,2108237145
1830,1839.45,1792.6,1799.9,1799.35,732382,1330568273,1830,1839.45,1792.6,1799.9,732382,1799.35,1330568273
1832.7,1841.6,1812,1841,1836.95,613812,1121044935,1832.7,1841.6,1812,1841,613812,1836.95,1121044935
1837.9,1838.95,1814,1828.95,1824.15,498517,909556581.2,1837.9,1838.95,1814,1828.95,498517,1824.15,909556581.2
1829.9,1869.2,1826.2,1860.1,1860.1,1148635,2135575198,1829.9,1869.2,1826.2,1860.1,1148635,1860.1,2135575198
1865,1870,1845,1848,1847.95,610933,1132763894,1865,1870,1845,1848,610933,1847.95,1132763894
1850,1860.1,1838.05,1857.2,1855.75,470440,869947587.7,1850,1860.1,1838.05,1857.2,470440,1855.75,869947587.7
1852,1864.5,1846.25,1851.1,1857.8,403510,749258143,1852,1864.5,1846.25,1851.1,403510,1857.8,749258143
1857,1871.9,1842.85,1865.55,1861.3,408479,760522048.3,1857,1871.9,1842.85,1865.55,408479,1861.3,760522048.3
1858.8,1872.75,1852.65,1864.65,1864.65,636242,1187164597,1858.8,1872.75,1852.65,1864.65,636242,1864.65,1187164597
1864.65,1878.35,1855.65,1865.45,1866.85,405779,756612156.6,1864.65,1878.35,1855.65,1865.45,405779,1866.85,756612156.6
1871,1873.2,1836,1849.7,1843.6,576214,1069108108,1871,1873.2,1836,1849.7,576214,1843.6,1069108108
1853,1868.95,1802.35,1835,1832.95,2259972,4131702824,1853,1868.95,1802.35,1835,2259972,1832.95,4131702824
1844,1844,1801.1,1815.05,1812.85,1819822,3296947125,1844,1844,1801.1,1815.05,1819822,1812.85,3296947125
1814.4,1885.4,1808.8,1880.6,1874.4,1620444,3025693097,1814.4,1885.4,1808.8,1880.6,1620444,1874.4,3025693097
1878.9,1887.9,1855.6,1880.5,1877.4,1109545,2076852189,1878.9,1887.9,1855.6,1880.5,1109545,1877.4,2076852189
1874,1877.6,1845.3,1849.8,1847.75,809675,1507067066,1874,1877.6,1845.3,1849.8,809675,1847.75,1507067066
1850,1900,1844,1885,1881.9,2077102,3894816837,1850,1900,1844,1885,2077102,1881.9,3894816837
1882.95,1896.4,1864,1889,1884.7,567026,1066030677,1882.95,1896.4,1864,1889,567026,1884.7,1066030677
1881,1903.2,1880,1897.75,1898,466913,885894508.2,1881,1903.2,1880,1897.75,466913,1898,885894508.2
1895,1899.45,1861.7,1868.35,1868.3,1320018,2470500459,1895,1899.45,1861.7,1868.35,1320018,1868.3,2470500459
1863,1884,1851.1,1883,1878.15,1200445,2233996092,1863,1884,1851.1,1883,1200445,1878.15,2233996092
1878.5,1898,1870.3,1891.2,1891.15,752654,1422986846,1878.5,1898,1870.3,1891.2,752654,1891.15,1422986846
1893.5,1900.05,1881,1888.85,1889.8,2126759,4018268656,1893.5,1900.05,1881,1888.85,2126759,1889.8,4018268656
1892.1,1893,1843,1872,1869.6,1401495,2601308851,1892.1,1893,1843,1872,1401495,1869.6,2601308851
1869.6,1890,1860.25,1877.15,1879.1,1375815,2583244640,1869.6,1890,1860.25,1877.15,1375815,1879.1,2583244640
1879.1,1910.95,1855,1873.1,1885.35,2716101,5126441271,1879.1,1910.95,1855,1873.1,2716101,1885.35,5126441271
1890.05,1897.9,1873.6,1891.5,1894.25,542317,1021011500,1890.05,1897.9,1873.6,1891.5,542317,1894.25,1021011500
1886,1918.35,1886,1918,1915,497437,950007998.6,1886,1918.35,1886,1918,497437,1915,950007998.6
1919,1951.5,1905.1,1914.7,1916.95,1198159,2313098294,1919,1951.5,1905.1,1914.7,1198159,1916.95,2313098294
1911.6,1939.2,1900,1925.5,1925.6,506000,970101064.8,1911.6,1939.2,1900,1925.5,506000,1925.6,970101064.8
1920,1934.25,1905.6,1920,1914.35,503632,964461232.9,1920,1934.25,1905.6,1920,503632,1914.35,964461232.9
1915,1945,1906,1935.1,1930,952766,1837016213,1915,1945,1906,1935.1,952766,1930,1837016213
1935.9,1947,1912.45,1917.8,1924.95,845801,1630673737,1935.9,1947,1912.45,1917.8,845801,1924.95,1630673737
1924.7,1931.3,1895,1895,1903.95,545822,1044875969,1924.7,1931.3,1895,1895,545822,1903.95,1044875969
1895,1898.7,1848.6,1852.55,1853.65,1220570,2278558043,1895,1898.7,1848.6,1852.55,1220570,1853.65,2278558043
1853.65,1878.8,1836,1874,1870.7,864810,1600553352,1853.65,1878.8,1836,1874,864810,1870.7,1600553352
1874,1919.25,1858.7,1914,1914.95,674128,1279814891,1874,1919.25,1858.7,1914,674128,1914.95,1279814891
1919,1925,1894.95,1914,1914.45,811547,1550058998,1919,1925,1894.95,1914,811547,1914.45,1550058998
1908.1,1917.05,1870,1882.9,1877.3,855287,1623192409,1908.1,1917.05,1870,1882.9,855287,1877.3,1623192409
1868.7,1892.2,1858.2,1890.35,1884.85,848282,1590753304,1868.7,1892.2,1858.2,1890.35,848282,1884.85,1590753304
1884,1995,1868.75,1960.6,1955.45,3896725,7555491381,1884,1995,1868.75,1960.6,3896725,1955.45,7555491381
1948,1948,1905,1911.5,1915.4,1082637,2085734888,1948,1948,1905,1911.5,1082637,1915.4,2085734888
1931.95,1963,1892,1900,1902.2,964088,1845858276,1931.95,1963,1892,1900,964088,1902.2,1845858276
1897,1916.55,1892.9,1900,1899.4,708586,1348004534,1897,1916.55,1892.9,1900,708586,1899.4,1348004534
1903,1928.5,1881.35,1916.6,1919.8,508953,969029408.4,1903,1928.5,1881.35,1916.6,508953,1919.8,969029408.4
1926,1941.75,1895.1,1902,1900.45,754249,1448787899,1926,1941.75,1895.1,1902,754249,1900.45,1448787899
1895,1898.95,1880,1893,1888.7,1889091,3576635727,1895,1898.95,1880,1893,1889091,1888.7,3576635727
1898.9,1929.15,1895.3,1908,1904.8,794575,1519318703,1898.9,1929.15,1895.3,1908,794575,1904.8,1519318703
1910,1958.45,1908,1953,1954.75,1275739,2468909103,1910,1958.45,1908,1953,1275739,1954.75,2468909103
1958,1968.8,1937.55,1949,1945.45,1169830,2288319635,1958,1968.8,1937.55,1949,1169830,1945.45,2288319635
1940,1971.1,1934,1958,1963.4,917199,1794755326,1940,1971.1,1934,1958,917199,1963.4,1794755326
1963,1978.4,1947.15,1969,1967.35,2274265,4474266472,1963,1978.4,1947.15,1969,2274265,1967.35,4474266472
1962.1,1989,1961,1974.7,1967.95,792509,1564956711,1962.1,1989,1961,1974.7,792509,1967.95,1564956711
1962,1962.45,1916.75,1939.15,1931.5,905231,1754814844,1962,1962.45,1916.75,1939.15,905231,1931.5,1754814844
1939,1975,1927.5,1974,1967.4,489671,956842829.6,1939,1975,1927.5,1974,489671,1967.4,956842829.6
1969.3,1975.75,1946.05,1964.5,1960.5,779490,1527590397,1969.3,1975.75,1946.05,1964.5,779490,1960.5,1527590397
1960.5,1963.75,1927.4,1954.15,1953.25,956565,1856492987,1960.5,1963.75,1927.4,1954.15,956565,1953.25,1856492987
1951,1976.9,1946.5,1970,1969.95,566785,1114285437,1951,1976.9,1946.5,1970,566785,1969.95,1114285437
1961.1,1993.9,1956.85,1981.9,1983.3,662063,1311605498,1961.1,1993.9,1956.85,1981.9,662063,1983.3,1311605498
1989,1995,1959.1,1968,1969.25,555455,1095120392,1989,1995,1959.1,1968,555455,1969.25,1095120392
1969,1990,1948.25,1967.65,1967.6,1393387,2734696323,1969,1990,1948.25,1967.65,1393387,1967.6,2734696323
1970,1979,1929.55,1937.55,1932.2,1324639,2572996809,1970,1979,1929.55,1937.55,1324639,1932.2,2572996809
1938,1957.05,1928.5,1944.7,1948.8,708738,1378512798,1938,1957.05,1928.5,1944.7,708738,1948.8,1378512798
1944,1955.8,1935,1951.5,1951,926035,1804454949,1944,1955.8,1935,1951.5,926035,1951,1804454949
1954,1985.75,1945.3,1979.55,1976.3,1514361,2965602936,1954,1985.75,1945.3,1979.55,1514361,1976.3,2965602936
1980.2,1991,1960.1,1968.9,1964.45,490611,968805390.7,1980.2,1991,1960.1,1968.9,490611,1964.45,968805390.7
1961.45,1971.45,1952.3,1958.3,1959.4,590699,1159255768,1961.45,1971.45,1952.3,1958.3,590699,1959.4,1159255768
1968.7,1970,1944.2,1954.55,1958.3,853596,1670982901,1968.7,1970,1944.2,1954.55,853596,1958.3,1670982901
1970,1970,1924,1936,1935.1,3301425,6413518728,1970,1970,1924,1936,3301425,1935.1,6413518728
1943,1946.6,1903.1,1916.55,1914.8,1739970,3342289341,1943,1946.6,1903.1,1916.55,1739970,1914.8,3342289341
1923.2,1953,1923.2,1935,1938.15,844316,1639620927,1923.2,1953,1923.2,1935,844316,1938.15,1639620927
1936.5,1948.8,1918.35,1926.8,1923.75,954344,1840250748,1936.5,1948.8,1918.35,1926.8,954344,1923.75,1840250748
1929.95,1950.5,1918.5,1921.95,1922.75,659528,1277694139,1929.95,1950.5,1918.5,1921.95,659528,1922.75,1277694139
1924.1,1927.55,1892,1908,1905,1131560,2152965588,1924.1,1927.55,1892,1908,1131560,1905,2152965588
1910,1923.65,1886,1887,1892.55,773027,1471511497,1910,1923.65,1886,1887,773027,1892.55,1471511497
1894.85,1905.9,1881,1888.25,1888.25,593314,1122599133,1894.85,1905.9,1881,1888.25,593314,1888.25,1122599133
1888,1913.95,1877.5,1899.4,1902.55,817518,1553888048,1888,1913.95,1877.5,1899.4,817518,1902.55,1553888048
1906.25,1942.4,1903,1939,1940.15,1072520,2070856204,1906.25,1942.4,1903,1939,1072520,1940.15,2070856204
1950,1954.8,1940,1947.1,1947.4,573920,1118310984,1950,1954.8,1940,1947.1,573920,1947.4,1118310984
1949.95,1970.6,1940,1965.6,1965.05,1065275,2088548051,1949.95,1970.6,1940,1965.6,1065275,1965.05,2088548051
1965,1988,1947.85,1962.8,1960.35,2959597,5820219857,1965,1988,1947.85,1962.8,2959597,1960.35,5820219857
1969,1988.8,1955.8,1981,1981.55,858768,1696985345,1969,1988.8,1955.8,1981,858768,1981.55,1696985345
1978,1989.55,1965,1975,1970.2,1792695,3535129689,1978,1989.55,1965,1975,1792695,1970.2,3535129689
1970.1,2001.75,1963.25,1996.4,1995.15,460626,912605321.9,1970.1,2001.75,1963.25,1996.4,460626,1995.15,912605321.9
2005,2021,1992.7,2000,2001.35,884802,1777498659,2005,2021,1992.7,2000,884802,2001.35,1777498659
1999,2032.25,1995.55,2022,2023.05,1278375,2583725404,1999,2032.25,1995.55,2022,1278375,2023.05,2583725404
2033.1,2038,2003.45,2014,2015.85,1234457,2496516420,2033.1,2038,2003.45,2014,1234457,2015.85,2496516420
2022.9,2025.7,1993.25,2003.85,1999.8,749860,1502883016,2022.9,2025.7,1993.25,2003.85,749860,1999.8,1502883016
2004.8,2009.2,1980.05,1994.55,1994.3,531559,1058593923,2004.8,2009.2,1980.05,1994.55,531559,1994.3,1058593923
1996,2014.75,1984.1,1998.05,2000.65,886494,1776400866,1996,2014.75,1984.1,1998.05,886494,2000.65,1776400866
2008,2011,1971.6,1984.55,1985.05,593894,1180555764,2008,2011,1971.6,1984.55,593894,1985.05,1180555764
1981,1998,1962.25,1981.2,1979.5,648603,1284108096,1981,1998,1962.25,1981.2,648603,1979.5,1284108096
1970,1996,1963,1994,1993.9,930525,1840092973,1970,1996,1963,1994,930525,1993.9,1840092973
1993.9,2000,1979.2,1997.6,1997.6,322251,641571668.8,1993.9,2000,1979.2,1997.6,322251,1997.6,641571668.8
1987.55,1994.9,1974.15,1985,1984.2,812823,1610723924,1987.55,1994.9,1974.15,1985,812823,1984.2,1610723924
1991,1995,1982.1,1989.4,1990.4,462694,921030149.9,1991,1995,1982.1,1989.4,462694,1990.4,921030149.9
1992,2000,1986.85,1987.55,1990.95,671269,1338092670,1992,2000,1986.85,1987.55,671269,1990.95,1338092670
1995,1995,1967.3,1974.15,1975.95,688170,1360863692,1995,1995,1967.3,1974.15,688170,1975.95,1360863692
1975.9,1975.9,1952.05,1958.9,1957.2,1012394,1983266634,1975.9,1975.9,1952.05,1958.9,1012394,1957.2,1983266634
1958.75,1958.75,1921.55,1937.4,1928.15,939358,1816106873,1958.75,1958.75,1921.55,1937.4,939358,1928.15,1816106873
1932.55,1963.8,1930,1957,1951.35,1305157,2549856073,1932.55,1963.8,1930,1957,1305157,1951.35,2549856073
1960.2,1968.65,1930.1,1935.9,1933.65,686872,1339787689,1960.2,1968.65,1930.1,1935.9,686872,1933.65,1339787689
1935,1939.3,1900.1,1903.15,1905.55,1139011,2176750297,1935,1939.3,1900.1,1903.15,1139011,1905.55,2176750297
1900.1,1907.45,1867,1873.1,1875.65,2124825,3993078186,1900.1,1907.45,1867,1873.1,2124825,1875.65,3993078186
1871,1915.8,1862,1908.85,1906.6,1952492,3710110383,1871,1915.8,1862,1908.85,1952492,1906.6,3710110383
1906,1918.85,1884.7,1895,1897,937981,1782402338,1906,1918.85,1884.7,1895,937981,1897,1782402338
1895,1898.8,1843,1858.3,1855.6,1290572,2395967832,1895,1898.8,1843,1858.3,1290572,1855.6,2395967832
1855.8,1864.7,1825,1860,1854.85,804386,1481157881,1855.8,1864.7,1825,1860,804386,1854.85,1481157881
1870,1885,1851,1879,1880,1003340,1879392028,1870,1885,1851,1879,1003340,1880,1879392028
1872.1,1885.95,1865.9,1877,1875.85,763150,1429524723,1872.1,1885.95,1865.9,1877,763150,1875.85,1429524723
1872,1872,1818.2,1832.5,1829.15,1157745,2119570208,1872,1872,1818.2,1832.5,1157745,1829.15,2119570208
1834.1,1854.95,1819.5,1820.05,1826.5,1430413,2631422675,1834.1,1854.95,1819.5,1820.05,1430413,1826.5,2631422675
1825,1837.05,1804.8,1836.4,1828.35,1149898,2094130593,1825,1837.05,1804.8,1836.4,1149898,1828.35,2094130593
1845,1881.8,1836,1860.6,1872.8,1512590,2813714233,1845,1881.8,1836,1860.6,1512590,1872.8,2813714233
1857.8,1880.9,1849,1870.1,1877.05,1009490,1885008902,1857.8,1880.9,1849,1870.1,1009490,1877.05,1885008902
1867.25,1889.3,1856.05,1861,1862.15,823718,1538848062,1867.25,1889.3,1856.05,1861,823718,1862.15,1538848062
1866.6,1875.4,1799.25,1812.5,1804.65,1471601,2698966554,1866.6,1875.4,1799.25,1812.5,1471601,1804.65,2698966554
1820,1834.1,1731,1769.9,1762.45,4403405,7860785469,1820,1834.1,1731,1769.9,4403405,1762.45,7860785469
1769,1774.3,1658.85,1681,1674.2,4685534,7919370818,1769,1774.3,1658.85,1681,4685534,1674.2,7919370818
1675.1,1717.55,1649,1691.05,1696.75,4503074,7587925463,1675.1,1717.55,1649,1691.05,4503074,1696.75,7587925463
1705,1712.5,1679.5,1701.6,1701.8,2914677,4942493886,1705,1712.5,1679.5,1701.6,2914677,1701.8,4942493886
1705,1714.85,1676.3,1690,1682,2809983,4751143258,1705,1714.85,1676.3,1690,2809983,1682,4751143258
1693.1,1720,1668.35,1690.05,1690.05,1801534,3052905201,1693.1,1720,1668.35,1690.05,1801534,1690.05,3052905201
1660,1669.9,1615.65,1649,1642.65,5213931,8534889034,1660,1669.9,1615.65,1649,5213931,1642.65,8534889034
1639.8,1659.2,1606,1635.95,1638.7,5112718,8313956489,1639.8,1659.2,1606,1635.95,5112718,1638.7,8313956489
1614.8,1627.2,1551.35,1580,1589.5,3065332,4877571068,1614.8,1627.2,1551.35,1580,3065332,1589.5,4877571068
1572,1638.45,1572,1600,1607.35,4352946,7021074166,1572,1638.45,1572,1600,4352946,1607.35,7021074166
1606,1629.4,1582.1,1606,1600,2426418,3889513001,1606,1629.4,1582.1,1606,2426418,1600,3889513001
1608,1619.05,1590.1,1604.25,1607.9,1065187,1710495245,1608,1619.05,1590.1,1604.25,1065187,1607.9,1710495245
1612,1666.85,1604.2,1639.9,1637.95,2264070,3712009796,1612,1666.85,1604.2,1639.9,2264070,1637.95,3712009796
1610,1610,1581.4,1597.9,1592.55,2131052,3397485627,1610,1610,1581.4,1597.9,2131052,1592.55,3397485627
1611.9,1659.5,1606,1652.7,1652.7,2169080,3570253631,1611.9,1659.5,1606,1652.7,2169080,1652.7,3570253631
1667.7,1667.7,1588.55,1631,1626.95,4301735,6954914237,1667.7,1667.7,1588.55,1631,4301735,1626.95,6954914237
1639,1695.95,1615,1626,1620.55,7490737,12387307988,1639,1695.95,1615,1626,7490737,1620.55,12387307988
1636.25,1652.55,1600,1601.45,1603.9,3532784,5743428392,1636.25,1652.55,1600,1601.45,3532784,1603.9,5743428392
1590,1613.15,1570,1576,1576.7,4071551,6462583877,1590,1613.15,1570,1576,4071551,1576.7,6462583877
1590,1600.4,1421.5,1467,1449.45,6528861,9704448444,1590,1600.4,1421.5,1467,6528861,1449.45,9704448444
1435,1498,1425,1476.75,1473.15,7242862,10670438882,1435,1498,1425,1476.75,7242862,1473.15,10670438882
1490,1528.7,1480.05,1520.55,1521.35,2177827,3283491377,1490,1528.7,1480.05,1520.55,2177827,1521.35,3283491377
1502.1,1522.9,1475.6,1493.95,1491.1,4971095,7450901954,1502.1,1522.9,1475.6,1493.95,4971095,1491.1,7450901954
1496.5,1498,1438.1,1443,1445.8,2263193,3324489406,1496.5,1498,1438.1,1443,2263193,1445.8,3324489406
1445,1445,1375,1410,1412.8,4620039,6471763842,1445,1445,1375,1410,4620039,1412.8,6471763842
1410,1410,1349.6,1353.5,1364.3,5974755,8259239554,1410,1410,1349.6,1353.5,5974755,1364.3,8259239554
1355,1436.2,1333.15,1420.5,1425.1,6474213,8951286682,1355,1436.2,1333.15,1420.5,6474213,1425.1,8951286682
1402,1492.95,1398,1461.6,1463.95,5635786,8203192129,1402,1492.95,1398,1461.6,5635786,1463.95,8203192129
1485,1554.9,1475,1535.9,1541.8,5732745,8751247179,1485,1554.9,1475,1535.9,5732745,1541.8,8751247179
1535,1535,1480.2,1484.25,1486.45,2926342,4392921002,1535,1535,1480.2,1484.25,2926342,1486.45,4392921002
1490,1511.6,1442.65,1479.45,1475.45,2830304,4173744579,1490,1511.6,1442.65,1479.45,2830304,1475.45,4173744579
1486,1501.15,1475,1482.75,1483.9,140435,208296753.7,1486,1501.15,1475,1482.75,140435,1483.9,208296753.7
1477.1,1520.3,1476,1498.05,1494.9,1913755,2869805435,1477.1,1520.3,1476,1498.05,1913755,1494.9,2869805435
1501.9,1519,1478.2,1486.1,1493,1434191,2148648147,1501.9,1519,1478.2,1486.1,1434191,1493,2148648147
1485.1,1496.3,1463.55,1488.95,1485.55,1678410,2481201432,1485.1,1496.3,1463.55,1488.95,1678410,1485.55,2481201432
1498,1529,1492.5,1512,1513.55,1888029,2851622629,1498,1529,1492.5,1512,1888029,1513.55,2851622629
1515,1533.25,1498,1511,1512.15,1362884,2069126065,1515,1533.25,1498,1511,1362884,1512.15,2069126065
1519,1526,1486.75,1498.35,1501.1,1222318,1838755374,1519,1526,1486.75,1498.35,1222318,1501.1,1838755374
1503,1541.3,1484.35,1537.1,1537.95,2054251,3125030919,1503,1541.3,1484.35,1537.1,2054251,1537.95,3125030919
1535,1569.9,1528.35,1552.85,1557.85,2718989,4244680564,1535,1569.9,1528.35,1552.85,2718989,1557.85,4244680564
1558.5,1568.95,1538.4,1549.05,1546.7,984774,1525176478,1558.5,1568.95,1538.4,1549.05,984774,1546.7,1525176478
1548,1563.95,1522,1525,1528.85,1038896,1599332630,1548,1563.95,1522,1525,1038896,1528.85,1599332630
1538,1567.7,1532.05,1563,1562.75,1365620,2123405442,1538,1567.7,1532.05,1563,1365620,1562.75,2123405442
1553.7,1593.85,1548.8,1590,1588.55,1707401,2690832987,1553.7,1593.85,1548.8,1590,1707401,1588.55,2690832987
1596,1620,1592.2,1618.9,1613.35,2408350,3874841560,1596,1620,1592.2,1618.9,2408350,1613.35,3874841560
1629,1670.95,1619,1667,1660.55,2975979,4909861329,1629,1670.95,1619,1667,2975979,1660.55,4909861329
1664.5,1674.45,1623,1640.9,1631.8,1391187,2290392313,1664.5,1674.45,1623,1640.9,1391187,1631.8,2290392313
1648.5,1661.85,1636.3,1653.8,1656.3,1509308,2488387548,1648.5,1661.85,1636.3,1653.8,1509308,1656.3,2488387548
1653,1658.9,1631.8,1637,1635.75,1311350,2149621111,1653,1658.9,1631.8,1637,1311350,1635.75,2149621111
1630,1630,1591.8,1603.25,1603.6,1669427,2685883835,1630,1630,1591.8,1603.25,1669427,1603.6,2685883835
1594.2,1594.3,1560,1567.25,1569.45,1605950,2527226765,1594.2,1594.3,1560,1567.25,1605950,1569.45,2527226765
1572,1580,1531.05,1570.65,1566.8,1502809,2336532817,1572,1580,1531.05,1570.65,1502809,1566.8,2336532817
1540,1573,1537.05,1556,1554.45,1485061,2314976103,1540,1573,1537.05,1556,1485061,1554.45,2314976103
1476.75,1564.75,1475,1556.75,1552.8,2294146,3510767156,1476.75,1564.75,1475,1556.75,2294146,1552.8,3510767156
1565,1589.7,1555,1578.9,1582.2,1279021,2009452445,1565,1589.7,1555,1578.9,1279021,1582.2,2009452445
1591.5,1628,1576.95,1608.5,1610.1,1283289,2061002260,1591.5,1628,1576.95,1608.5,1283289,1610.1,2061002260
1610,1613.5,1590.05,1608,1603.85,692049,1107853010,1610,1613.5,1590.05,1608,692049,1603.85,1107853010
1612.9,1639.5,1605,1630.3,1633.35,791402,1287319466,1612.9,1639.5,1605,1630.3,791402,1633.35,1287319466
1627.9,1644.35,1609,1640.2,1639.55,983139,1601676330,1627.9,1644.35,1609,1640.2,983139,1639.55,1601676330
1641,1652.7,1609.4,1614.85,1612.65,1390871,2269382827,1641,1652.7,1609.4,1614.85,1390871,1612.65,2269382827
1606.1,1621.75,1593.3,1617.8,1612.85,1156454,1860429641,1606.1,1621.75,1593.3,1617.8,1156454,1612.85,1860429641
1612.85,1625.95,1572.2,1577.95,1575.65,1119348,1784172387,1612.85,1625.95,1572.2,1577.95,1119348,1575.65,1784172387
1578,1591.5,1555.95,1562,1562.35,757749,1188110162,1578,1591.5,1555.95,1562,757749,1562.35,1188110162
1559.7,1564.95,1520.3,1563.95,1556.45,1712424,2636142818,1559.7,1564.95,1520.3,1563.95,1712424,1556.45,2636142818
1577,1593.45,1559.7,1564.2,1564,1880388,2959916335,1577,1593.45,1559.7,1564.2,1880388,1564,2959916335
1578.85,1600.5,1571,1586.5,1583.25,1333919,2119394637,1578.85,1600.5,1571,1586.5,1333919,1583.25,2119394637
1591.3,1604,1585.6,1599.85,1599.3,933039,1489702551,1591.3,1604,1585.6,1599.85,933039,1599.3,1489702551
1600,1605,1560.55,1594.8,1595.6,4043870,6435739430,1600,1605,1560.55,1594.8,4043870,1595.6,6435739430
1587.6,1598,1568.25,1572.05,1576.6,1164974,1843200973,1587.6,1598,1568.25,1572.05,1164974,1576.6,1843200973
1573,1580,1555.65,1557.85,1560.1,958038,1499527282,1573,1580,1555.65,1557.85,958038,1560.1,1499527282
1560.8,1571,1540.2,1545.3,1548.2,1868151,2897023589,1560.8,1571,1540.2,1545.3,1868151,1548.2,2897023589
1561,1610,1550.5,1558,1559.15,3991996,6309384997,1561,1610,1550.5,1558,3991996,1559.15,6309384997
1563.15,1588,1551,1577,1577.75,1479592,2325305924,1563.15,1588,1551,1577,1479592,1577.75,2325305924
1580,1610,1548,1599.7,1601.75,6447772,10161973174,1580,1610,1548,1599.7,6447772,1601.75,10161973174
1607.85,1607.85,1554,1563,1565.9,4377060,6863363191,1607.85,1607.85,1554,1563,4377060,1565.9,6863363191
1570,1574,1508.3,1511.85,1515.15,3180775,4882731221,1570,1574,1508.3,1511.85,3180775,1515.15,4882731221
1509,1509,1471,1483.25,1484.05,3615252,5368725447,1509,1509,1471,1483.25,3615252,1484.05,5368725447
1505,1505,1505,1505,1505,160000,240800000,1505,1505,1505,1505,160000,1505,240800000
1491,1504.4,1486,1496.7,1495.2,1725819,2581283299,1491,1504.4,1486,1496.7,1725819,1495.2,2581283299
1496,1532,1495.95,1524.9,1526.7,2188162,3332862914,1496,1532,1495.95,1524.9,2188162,1526.7,3332862914
1526.7,1536,1510,1518.25,1523,1467807,2229730926,1526.7,1536,1510,1518.25,1467807,1523,2229730926
1523.1,1532.4,1513,1515.1,1516.9,1589082,2421989864,1523.1,1532.4,1513,1515.1,1589082,1516.9,2421989864
1511.3,1517.9,1497,1507.65,1507.6,1606142,2422055246,1511.3,1517.9,1497,1507.65,1606142,1507.6,2422055246
1502,1506.2,1475,1499,1501.6,2666389,3976811745,1502,1506.2,1475,1499,2666389,1501.6,3976811745
1497.15,1509,1486.2,1490.05,1495,1441440,2154450313,1497.15,1509,1486.2,1490.05,1441440,1495,2154450313
1492.2,1500,1478.5,1488.6,1490.3,1088512,1620205366,1492.2,1500,1478.5,1488.6,1088512,1490.3,1620205366
1496.3,1512.4,1478.25,1481.6,1484.9,1738412,2604891738,1496.3,1512.4,1478.25,1481.6,1738412,1484.9,2604891738
1472.2,1492.95,1437.4,1449,1443.7,2246761,3289030568,1472.2,1492.95,1437.4,1449,2246761,1443.7,3289030568
1446,1466,1430.25,1462,1461.85,1388542,2013475674,1446,1466,1430.25,1462,1388542,1461.85,2013475674
1465.9,1490,1458,1470,1476.1,3193022,4707666447,1465.9,1490,1458,1470,3193022,1476.1,4707666447
1480,1520.5,1473.1,1501,1505.55,2469714,3711335077,1480,1520.5,1473.1,1501,2469714,1505.55,3711335077
1507.9,1535.4,1496.9,1515.2,1515.15,1547424,2347927423,1507.9,1535.4,1496.9,1515.2,1547424,1515.15,2347927423
1508.1,1511.45,1469.35,1505,1504.65,2054061,3052144471,1508.1,1511.45,1469.35,1505,2054061,1504.65,3052144471
1504.85,1557.15,1498.05,1538.8,1541.75,1710784,2632356859,1504.85,1557.15,1498.05,1538.8,1710784,1541.75,2632356859
1543.75,1543.75,1507,1522.75,1526.05,1541770,2349956849,1543.75,1543.75,1507,1522.75,1541770,1526.05,2349956849
1525,1529.9,1507,1517,1514.95,1602553,2429853458,1525,1529.9,1507,1517,1602553,1514.95,2429853458
1512.9,1529.5,1490.9,1496.65,1499.05,2194466,3306220893,1512.9,1529.5,1490.9,1496.65,2194466,1499.05,3306220893
1502.9,1518,1482,1516.3,1511,1387113,2075053477,1502.9,1518,1482,1516.3,1387113,1511,2075053477
1512.1,1522.75,1486.25,1498.8,1497.2,1136862,1702912686,1512.1,1522.75,1486.25,1498.8,1136862,1497.2,1702912686
1501,1509.7,1484.1,1486,1498.45,1113395,1664181973,1501,1509.7,1484.1,1486,1113395,1498.45,1664181973
1491.9,1530.8,1476.05,1518.15,1517.5,1756930,2658356975,1491.9,1530.8,1476.05,1518.15,1756930,1517.5,2658356975
1515.55,1521.95,1498.7,1505,1509.5,1169312,1764353052,1515.55,1521.95,1498.7,1505,1169312,1509.5,1764353052
1509.5,1524.9,1500,1512.8,1517,1040787,1580028188,1509.5,1524.9,1500,1512.8,1040787,1517,1580028188
1512,1520.9,1471.1,1474.7,1480.5,1352025,2023671769,1512,1520.9,1471.1,1474.7,1352025,1480.5,2023671769
1480,1493.6,1474.1,1479.25,1480.8,1688403,2500894579,1480,1493.6,1474.1,1479.25,1688403,1480.8,2500894579
1479.45,1494.4,1455,1472.8,1471.55,2297058,3382344088,1479.45,1494.4,1455,1472.8,2297058,1471.55,3382344088
1474,1486.95,1458.1,1464,1462.8,1314113,1932781405,1474,1486.95,1458.1,1464,1314113,1462.8,1932781405
1465.05,1495,1461.05,1488,1491.2,1055629,1560160328,1465.05,1495,1461.05,1488,1055629,1491.2,1560160328
1480,1488.85,1461.8,1478,1478.1,850891,1256825613,1480,1488.85,1461.8,1478,850891,1478.1,1256825613
1482.05,1493.95,1458.2,1473.25,1476.7,1553126,2290528482,1482.05,1493.95,1458.2,1473.25,1553126,1476.7,2290528482
1487.75,1489,1470.5,1474.4,1473.85,2400890,3550196624,1487.75,1489,1470.5,1474.4,2400890,1473.85,3550196624
1481.7,1519.5,1474.95,1517,1514.1,2243654,3358747128,1481.7,1519.5,1474.95,1517,2243654,1514.1,3358747128
1510,1547,1510,1538.7,1541.6,1768341,2702979823,1510,1547,1510,1538.7,1768341,1541.6,2702979823
1537.5,1541,1522.25,1534,1534.85,1694922,2599052460,1537.5,1541,1522.25,1534,1694922,1534.85,2599052460
1534.9,1544.95,1520.15,1531,1531.25,2128646,3262093454,1534.9,1544.95,1520.15,1531,2128646,1531.25,3262093454
1529,1531.6,1507.95,1515,1518,966595,1467450072,1529,1531.6,1507.95,1515,966595,1518,1467450072
1520.9,1525,1502.4,1519.1,1514.6,2472505,3734911847,1520.9,1525,1502.4,1519.1,2472505,1514.6,3734911847
1526,1585,1510.75,1563.7,1569.05,7399042,11426331248,1526,1585,1510.75,1563.7,7399042,1569.05,11426331248
1574.9,1640,1567.9,1636.9,1636.35,7407679,11937267432,1574.9,1640,1567.9,1636.9,7407679,1636.35,11937267432
1649,1701,1635,1681.85,1682.7,6598388,11058844923,1649,1701,1635,1681.85,6598388,1682.7,11058844923
1686,1718,1685.1,1701,1703.25,3884063,6633997573,1686,1718,1685.1,1701,3884063,1703.25,6633997573
1708,1734.45,1702.6,1729,1719.1,2795278,4801761606,1708,1734.45,1702.6,1729,2795278,1719.1,4801761606
1730,1735,1718.2,1731,1725.2,1738526,2999829285,1730,1735,1718.2,1731,1738526,1725.2,2999829285
1729,1730,1708,1717,1713.4,1592600,2727328926,1729,1730,1708,1717,1592600,1713.4,2727328926
1715,1731.55,1694.3,1698.5,1698.6,2081172,3553079850,1715,1731.55,1694.3,1698.5,2081172,1698.6,3553079850
1682.1,1699.95,1675,1682.9,1683.55,1689972,2853241166,1682.1,1699.95,1675,1682.9,1689972,1683.55,2853241166
1681,1720,1668.6,1720,1714.65,2216791,3747932204,1681,1720,1668.6,1720,2216791,1714.65,3747932204
1730,1813.45,1720.1,1812,1804.25,5562677,9934185514,1730,1813.45,1720.1,1812,5562677,1804.25,9934185514
1812.5,1834.4,1777.15,1813,1821.1,4070284,7343205345,1812.5,1834.4,1777.15,1813,4070284,1821.1,7343205345
1812.9,1814.95,1770.35,1781,1780,2660606,4752603134,1812.9,1814.95,1770.35,1781,2660606,1780,4752603134
1797,1799,1739.05,1740.35,1743.05,2594605,4551891842,1797,1799,1739.05,1740.35,2594605,1743.05,4551891842
1754.65,1780,1730.8,1778,1774.55,2760486,4873088347,1754.65,1780,1730.8,1778,2760486,1774.55,4873088347
1784,1818,1761.95,1773,1773.6,2494990,4484120710,1784,1818,1761.95,1773,2494990,1773.6,4484120710
1773.6,1782.75,1723.25,1742,1736.15,2164515,3792535575,1773.6,1782.75,1723.25,1742,2164515,1736.15,3792535575
1748,1774.85,1745.15,1765,1767.95,1183378,2087054258,1748,1774.85,1745.15,1765,1183378,1767.95,2087054258
1768.9,1798.6,1746.05,1753.2,1751,1816648,3227289114,1768.9,1798.6,1746.05,1753.2,1816648,1751,3227289114
1758,1772.4,1730.25,1768,1767.1,1675803,2933559066,1758,1772.4,1730.25,1768,1675803,1767.1,2933559066
1766.05,1778.95,1742.2,1749.05,1747.45,1891510,3335895380,1766.05,1778.95,1742.2,1749.05,1891510,1747.45,3335895380
1748.9,1752.9,1727.8,1743,1740.65,965883,1679786701,1748.9,1752.9,1727.8,1743,965883,1740.65,1679786701
1743.5,1744.45,1726.1,1730,1736.8,1029735,1786395430,1743.5,1744.45,1726.1,1730,1029735,1736.8,1786395430
1743.5,1764.9,1732.8,1751,1748.9,973597,1707042575,1743.5,1764.9,1732.8,1751,973597,1748.9,1707042575
1753.9,1820,1753,1818,1815.15,2593532,4653478404,1753.9,1820,1753,1818,2593532,1815.15,4653478404
1816,1823.75,1752.3,1757.6,1764.3,1857583,3312265358,1816,1823.75,1752.3,1757.6,1857583,1764.3,3312265358
1759,1760,1682.95,1688.7,1691,2184388,3734455841,1759,1760,1682.95,1688.7,2184388,1691,3734455841
1691,1716,1645,1657.9,1651.35,2161145,3630947651,1691,1716,1645,1657.9,2161145,1651.35,3630947651
1667,1705,1661.1,1704,1699.25,3467827,5846625724,1667,1705,1661.1,1704,3467827,1699.25,5846625724
1716,1724,1673,1675,1683.45,3070975,5229020832,1716,1724,1673,1675,3070975,1683.45,5229020832
1684,1703.25,1661.5,1696,1698.85,1639196,2759219340,1684,1703.25,1661.5,1696,1639196,1698.85,2759219340
1679.9,1679.9,1575.2,1600.3,1606.5,5059803,8115125969,1679.9,1679.9,1575.2,1600.3,5059803,1606.5,8115125969
1601.15,1617.6,1551.5,1555.5,1561.3,4071588,6445747173,1601.15,1617.6,1551.5,1555.5,4071588,1561.3,6445747173
1565,1579,1546.8,1554.15,1556.6,2042908,3196071875,1565,1579,1546.8,1554.15,2042908,1556.6,3196071875
1543.3,1543.3,1521.6,1528,1528.25,2018992,3091126313,1543.3,1543.3,1521.6,1528,2018992,1528.25,3091126313
1539.8,1542,1495.5,1518,1515.8,3333379,5048638755,1539.8,1542,1495.5,1518,3333379,1515.8,5048638755
1515.8,1525.95,1482.1,1485.6,1488.75,2652472,3980186762,1515.8,1525.95,1482.1,1485.6,2652472,1488.75,3980186762
1486,1489,1468.85,1476.5,1476.55,3040828,4496753172,1486,1489,1468.85,1476.5,3040828,1476.55,4496753172
1478.55,1492.5,1430,1431,1439.9,2304082,3358332692,1478.55,1492.5,1430,1431,2304082,1439.9,3358332692
1434,1446,1387.25,1390,1393.3,2608583,3711511665,1434,1446,1387.25,1390,2608583,1393.3,3711511665
1393.3,1442,1386.5,1436,1432.7,5582146,7903026992,1393.3,1442,1386.5,1436,5582146,1432.7,7903026992
1436,1452,1373,1374.4,1379,3321014,4711936890,1436,1452,1373,1374.4,3321014,1379,4711936890
1382,1382,1348.1,1356.6,1358.2,4571270,6234104934,1382,1382,1348.1,1356.6,4571270,1358.2,6234104934
1368,1392,1365,1371.1,1373.55,3070835,4223836691,1368,1392,1365,1371.1,3070835,1373.55,4223836691
1400,1505.65,1400,1494,1494.65,4545248,6633878296,1400,1505.65,1400,1494,4545248,1494.65,6633878296
1499.9,1514,1443,1444.15,1447.75,3331988,4888009267,1499.9,1514,1443,1444.15,3331988,1447.75,4888009267
1446.95,1536.85,1382.3,1528,1518.9,18578611,27392198755,1446.95,1536.85,1382.3,1528,18578611,1518.9,27392198755
1547,1640,1543.15,1597.9,1598.75,12378857,19857377969,1547,1640,1543.15,1597.9,12378857,1598.75,19857377969
1608.7,1658,1594,1644.95,1648.9,6065381,9871215115,1608.7,1658,1594,1644.95,6065381,1648.9,9871215115
1647.9,1647.9,1607,1616,1612.8,2426340,3943887838,1647.9,1647.9,1607,1616,2426340,1612.8,3943887838
1615,1632,1596.7,1617.8,1619.65,2044030,3305993813,1615,1632,1596.7,1617.8,2044030,1619.65,3305993813
1617,1629.35,1602.05,1607.7,1608.65,1628713,2634125796,1617,1629.35,1602.05,1607.7,1628713,1608.65,2634125796
1608.6,1621.6,1580.55,1590.9,1586.9,4997347,7965025097,1608.6,1621.6,1580.55,1590.9,4997347,1586.9,7965025097
1599,1610.95,1555.05,1606,1605.35,3138032,5012188934,1599,1610.95,1555.05,1606,3138032,1605.35,5012188934
1600.1,1667,1589.7,1658,1662.65,3064055,4989575629,1600.1,1667,1589.7,1658,3064055,1662.65,4989575629
1663,1672.95,1630,1642.4,1638,2614383,4324511699,1663,1672.95,1630,1642.4,2614383,1638,4324511699
1634.7,1634.7,1510,1526,1522.65,6402947,9952309183,1634.7,1634.7,1510,1526,6402947,1522.65,9952309183
1530,1560,1482.05,1557,1552.2,6289576,9611552350,1530,1560,1482.05,1557,6289576,1552.2,9611552350
1564,1585.1,1536.15,1551,1551.65,3211040,5020077000,1564,1585.1,1536.15,1551,3211040,1551.65,5020077000
1564,1595.3,1563,1594,1590.6,3468327,5483802586,1564,1595.3,1563,1594,3468327,1590.6,5483802586
1597,1602.6,1561.2,1566,1569.85,3504083,5550182755,1597,1602.6,1561.2,1566,3504083,1569.85,5550182755
1520,1525,1440,1497.35,1488.85,10175722,15035948589,1520,1525,1440,1497.35,10175722,1488.85,15035948589
1493,1495,1411.25,1420.5,1426.8,10500760,15081481726,1493,1495,1411.25,1420.5,10500760,1426.8,15081481726
1427.5,1449.9,1396.2,1403.05,1399.65,7360154,10365814514,1427.5,1449.9,1396.2,1403.05,7360154,1399.65,10365814514
1410.5,1444.85,1400.1,1406,1409,6611201,9423364235,1410.5,1444.85,1400.1,1406,6611201,1409,9423364235
1424.8,1439,1370.1,1371,1381.35,5716245,8030124963,1424.8,1439,1370.1,1371,5716245,1381.35,8030124963
1380,1441.1,1348,1438,1435.6,7571159,10661501764,1380,1441.1,1348,1438,7571159,1435.6,10661501764
1445,1465,1419.15,1444.9,1448.65,4913512,7103671176,1445,1465,1419.15,1444.9,4913512,1448.65,7103671176
1483,1485,1449.05,1459,1461.55,4102227,6002265459,1483,1485,1449.05,1459,4102227,1461.55,6002265459
1455.05,1460.5,1441.55,1451.75,1449.65,2445906,3550210685,1455.05,1460.5,1441.55,1451.75,2445906,1449.65,3550210685
1450,1452.6,1427.25,1433,1434.8,2478755,3567193965,1450,1452.6,1427.25,1433,2478755,1434.8,3567193965
1439,1464.3,1435.2,1450.05,1450.2,4007859,5820012235,1439,1464.3,1435.2,1450.05,4007859,1450.2,5820012235
1458,1458,1400,1420,1410.5,4108364,5845796234,1458,1458,1400,1420,4108364,1410.5,5845796234
1427.9,1442.15,1416.35,1436,1433.6,3446607,4923419269,1427.9,1442.15,1416.35,1436,3446607,1433.6,4923419269
1447,1452,1410.1,1420.6,1416.55,3100554,4427611984,1447,1452,1410.1,1420.6,3100554,1416.55,4427611984
1430,1479.5,1423.4,1473,1470.6,5366734,7810993522,1430,1479.5,1423.4,1473,5366734,1470.6,7810993522
1473,1513.5,1466.3,1492.3,1493.1,4799912,7193987448,1473,1513.5,1466.3,1492.3,4799912,1493.1,7193987448
1498.7,1540,1484.4,1527,1532.55,5145552,7806660852,1498.7,1540,1484.4,1527,5145552,1532.55,7806660852
1515.25,1544.95,1470.85,1476.35,1476.5,3857205,5807076938,1515.25,1544.95,1470.85,1476.35,3857205,1476.5,5807076938
1476.5,1509.35,1457.1,1495.95,1492.1,3733488,5555523332,1476.5,1509.35,1457.1,1495.95,3733488,1492.1,5555523332
1501,1520.75,1468.6,1490.05,1487.25,3222571,4820006306,1501,1520.75,1468.6,1490.05,3222571,1487.25,4820006306
1504,1556,1495,1541,1541.25,4337246,6632678464,1504,1556,1495,1541,4337246,1541.25,6632678464
1550,1562.5,1493.65,1517.05,1509.5,10637123,16318498769,1550,1562.5,1493.65,1517.05,10637123,1509.5,16318498769
1529.95,1530,1468,1473.45,1475.1,5656516,8451995363,1529.95,1530,1468,1473.45,5656516,1475.1,8451995363
1485,1485,1460.05,1476.1,1473.2,3863867,5689499854,1485,1485,1460.05,1476.1,3863867,1473.2,5689499854
1482.8,1508.55,1457,1504,1501.25,5290039,7839324278,1482.8,1508.55,1457,1504,5290039,1501.25,7839324278
1496.05,1503,1468.35,1473,1471.45,2404071,3562895114,1496.05,1503,1468.35,1473,2404071,1471.45,3562895114
1480,1488.7,1407.2,1419,1422.15,4698852,6746391429,1480,1488.7,1407.2,1419,4698852,1422.15,6746391429
1418.95,1428.8,1382,1412.05,1418.4,4578591,6442496010,1418.95,1428.8,1382,1412.05,4578591,1418.4,6442496010
1425.7,1432.8,1404.4,1413.05,1416.75,2946083,4181110151,1425.7,1432.8,1404.4,1413.05,2946083,1416.75,4181110151
1407.2,1426.35,1353.35,1366,1362,4148585,5724907390,1407.2,1426.35,1353.35,1366,4148585,1362,5724907390
1368,1419.35,1367,1394.95,1391.65,6816446,9526484646,1368,1419.35,1367,1394.95,6816446,1391.65,9526484646
1400.5,1422,1386.55,1416.5,1415.5,3106622,4365676527,1400.5,1422,1386.55,1416.5,3106622,1415.5,4365676527
1410,1436,1402.1,1431.5,1432.3,3185949,4529711874,1410,1436,1402.1,1431.5,3185949,1432.3,4529711874
1436.05,1447.6,1317.65,1329.7,1337.3,8804120,12307658545,1436.05,1447.6,1317.65,1329.7,8804120,1337.3,12307658545
1317.65,1419.7,1312,1408.05,1412.85,7730088,10710670565,1317.65,1419.7,1312,1408.05,7730088,1412.85,10710670565
1390.1,1435,1365,1399.1,1398.65,9532030,13397160217,1390.1,1435,1365,1399.1,9532030,1398.65,13397160217
1396,1412.5,1366.45,1383,1382.9,4625690,6422831024,1396,1412.5,1366.45,1383,4625690,1382.9,6422831024
1365,1404.7,1350,1400,1388.2,6796784,9309622688,1365,1404.7,1350,1400,6796784,1388.2,9309622688
1388.2,1430,1377.75,1416.3,1417.1,3140739,4456193445,1388.2,1430,1377.75,1416.3,3140739,1417.1,4456193445
1417,1462.05,1415.45,1430,1426.35,6078493,8760064825,1417,1462.05,1415.45,1430,6078493,1426.35,8760064825
1430,1430,1372.95,1421.35,1414.05,5079904,7092527363,1430,1430,1372.95,1421.35,5079904,1414.05,7092527363
1435,1435,1405.3,1415,1413.4,4666041,6629329575,1435,1435,1405.3,1415,4666041,1413.4,6629329575
1415,1417.15,1352.2,1375.25,1373.45,3477027,4820820202,1415,1417.15,1352.2,1375.25,3477027,1373.45,4820820202
1389,1408.8,1377.1,1400.1,1400.85,2823062,3947418653,1389,1408.8,1377.1,1400.1,2823062,1400.85,3947418653
1380,1445,1375,1435.1,1439.1,3127077,4433610975,1380,1445,1375,1435.1,3127077,1439.1,4433610975
1442,1457.9,1430.55,1439,1442.5,2484182,3592696018,1442,1457.9,1430.55,1439,2484182,1442.5,3592696018
1451,1451.95,1388.1,1404.1,1404.85,3395591,4775813642,1451,1451.95,1388.1,1404.1,3395591,1404.85,4775813642
1412.5,1412.85,1357.85,1364.5,1367.2,2929477,4066140514,1412.5,1412.85,1357.85,1364.5,2929477,1367.2,4066140514
1365.95,1365.95,1330.05,1339.75,1335.65,4436240,5948652864,1365.95,1365.95,1330.05,1339.75,4436240,1335.65,5948652864
1339.6,1343.65,1280.1,1311.85,1310.5,7921907,10418918567,1339.6,1343.65,1280.1,1311.85,7921907,1310.5,10418918567
1346.05,1354.9,1267.25,1343.1,1348.5,7080111,9279536144,1346.05,1354.9,1267.25,1343.1,7080111,1348.5,9279536144
1360,1401.7,1355.25,1390,1386.1,4755041,6585511112,1360,1401.7,1355.25,1390,4755041,1386.1,6585511112
1379,1406.5,1353.7,1361.75,1365.85,8031108,11139055953,1379,1406.5,1353.7,1361.75,8031108,1365.85,11139055953
1357,1381,1338,1355,1350.55,4555489,6173955078,1357,1381,1338,1355,4555489,1350.55,6173955078
1359.05,1401.65,1330.15,1397.6,1395.75,5254735,7197891498,1359.05,1401.65,1330.15,1397.6,5254735,1395.75,7197891498
1380,1387.95,1335.6,1343.95,1343.95,6169187,8440185606,1380,1387.95,1335.6,1343.95,6169187,1343.95,8440185606
1339,1343.95,1296.55,1315.4,1317.6,6069299,7991446474,1339,1343.95,1296.55,1315.4,6069299,1317.6,7991446474
1327,1335,1303.45,1307,1308.1,3820454,5022853073,1327,1335,1303.45,1307,3820454,1308.1,5022853073
1321.1,1340,1311.3,1330,1331.1,2744448,3640249693,1321.1,1340,1311.3,1330,2744448,1331.1,3640249693
1330,1340.95,1308,1335,1335,3024923,4020232100,1330,1340.95,1308,1335,3024923,1335,4020232100
1340.6,1380,1340,1369.85,1372.15,2958610,4043094596,1340.6,1380,1340,1369.85,2958610,1372.15,4043094596
1379,1412,1375.4,1389,1390.25,3847286,5371170033,1379,1412,1375.4,1389,3847286,1390.25,5371170033
1389,1406.7,1371,1398.4,1398.6,3506741,4864388421,1389,1406.7,1371,1398.4,3506741,1398.6,4864388421
1380.05,1395,1365,1376.5,1375.95,2406553,3322037992,1380.05,1395,1365,1376.5,2406553,1375.95,3322037992
1376,1384.9,1325.25,1334,1332.6,3418892,4641500916,1376,1384.9,1325.25,1334,3418892,1332.6,4641500916
1340,1349,1321.8,1333.45,1330.4,3466276,4633395642,1340,1349,1321.8,1333.45,3466276,1330.4,4633395642
1332.9,1333.3,1278.15,1280.5,1282.25,4668596,6040939820,1332.9,1333.3,1278.15,1280.5,4668596,1282.25,6040939820
1289,1454.4,1271.5,1422.5,1419.6,12418793,17105882796,1289,1454.4,1271.5,1422.5,12418793,1419.6,17105882796
1462,1548.15,1462,1516,1511.55,8634884,13089299529,1462,1548.15,1462,1516,8634884,1511.55,13089299529
1505,1527,1496.35,1519.5,1516.3,5167834,7826033778,1505,1527,1496.35,1519.5,5167834,1516.3,7826033778
1509,1521.05,1492.55,1506,1503.9,5158518,7791926850,1509,1521.05,1492.55,1506,5158518,1503.9,7791926850
1507,1554.75,1507,1544.2,1548,7017228,10799558601,1507,1554.75,1507,1544.2,7017228,1548,10799558601
1539.6,1545,1470.85,1471.8,1480.8,4445539,6715645155,1539.6,1545,1470.85,1471.8,4445539,1480.8,6715645155
1475.8,1475.8,1346.15,1390,1383.55,9439585,13106862276,1475.8,1475.8,1346.15,1390,9439585,1383.55,13106862276
1397,1410.2,1188.05,1306,1298.05,13839863,18086288165,1397,1410.2,1188.05,1306,13839863,1298.05,18086288165
1295,1309.45,1220,1258,1255.5,13455663,16992529383,1295,1309.45,1220,1258,13455663,1255.5,16992529383
1280,1292.95,1255.25,1259,1265.3,7423301,9458910977,1280,1292.95,1255.25,1259,7423301,1265.3,9458910977
1275,1276,1215,1245,1241.05,5212929,6469688307,1275,1276,1215,1245,5212929,1241.05,6469688307
1241,1319,1235.6,1309.5,1308.65,6865376,8804267644,1241,1319,1235.6,1309.5,6865376,1308.65,8804267644
1310,1321,1220,1229.55,1228.5,13975918,17790150096,1310,1321,1220,1229.55,13975918,1228.5,17790150096
1235.95,1253.95,1191.35,1227,1223.2,12987781,15833158055,1235.95,1253.95,1191.35,1227,12987781,1223.2,15833158055
1240,1264.9,1227.9,1250.45,1250.6,4786662,5981777397,1240,1264.9,1227.9,1250.45,4786662,1250.6,5981777397
1256.95,1277.55,1236,1271.55,1272.25,4669980,5878138048,1256.95,1277.55,1236,1271.55,4669980,1272.25,5878138048
1274.95,1285,1265,1275,1274.5,4118174,5251607429,1274.95,1285,1265,1275,4118174,1274.5,5251607429
1276,1345,1270,1340,1340.1,5237964,6875126479,1276,1345,1270,1340,5237964,1340.1,6875126479
1332,1361.7,1317.1,1338.5,1342.65,5604223,7512008847,1332,1361.7,1317.1,1338.5,5604223,1342.65,7512008847
1340,1357.85,1320,1341,1341,3577455,4808120753,1340,1357.85,1320,1341,3577455,1341,4808120753
1339,1347.95,1309.65,1332.5,1332.6,3003881,3985144355,1339,1347.95,1309.65,1332.5,3003881,1332.6,3985144355
1340.2,1347.85,1272,1289,1283,6833303,8876208118,1340.2,1347.85,1272,1289,6833303,1283,8876208118
1288,1288,1260.1,1271.2,1272.05,4141541,5266261531,1288,1288,1260.1,1271.2,4141541,1272.05,5266261531
1282,1284,1273.55,1274,1276.65,303126,387323124.2,1282,1284,1273.55,1274,303126,1276.65,387323124.2
1275,1326,1264.15,1314,1315.3,4248732,5527803160,1275,1326,1264.15,1314,4248732,1315.3,5527803160
1315,1323.95,1282.4,1294,1297.2,3333740,4349071609,1315,1323.95,1282.4,1294,3333740,1297.2,4349071609
1303.95,1344,1290,1313.25,1313.2,7559742,9935954521,1303.95,1344,1290,1313.25,7559742,1313.2,9935954521
1328,1385.85,1316.2,1379,1379.85,7803620,10642672818,1328,1385.85,1316.2,1379,7803620,1379.85,10642672818
1374.95,1393.9,1350,1351.9,1352.3,3641707,4995900595,1374.95,1393.9,1350,1351.9,3641707,1352.3,4995900595
1354,1360.3,1315,1321.25,1320.1,2656825,3553508877,1354,1360.3,1315,1321.25,2656825,1320.1,3553508877
1321.25,1353.6,1310,1344,1343,3214840,4294259629,1321.25,1353.6,1310,1344,3214840,1343,4294259629
1350,1397.85,1350,1380,1381.9,5563949,7675795488,1350,1397.85,1350,1380,5563949,1381.9,7675795488
1367.05,1453.95,1355.55,1422,1422.8,8506906,12072029609,1367.05,1453.95,1355.55,1422,8506906,1422.8,12072029609
1416,1454.9,1407.4,1445,1445.05,3521409,5046833690,1416,1454.9,1407.4,1445,3521409,1445.05,5046833690
1445,1462.45,1408.55,1411.2,1414.2,4578522,6560097184,1445,1462.45,1408.55,1411.2,4578522,1414.2,6560097184
1399.7,1399.7,1353.2,1373,1375.1,5279888,7240982917,1399.7,1399.7,1353.2,1373,5279888,1375.1,7240982917
1377.1,1388.2,1345.7,1358,1359,4476838,6117390319,1377.1,1388.2,1345.7,1358,4476838,1359,6117390319
1361.4,1379.9,1359.5,1374.5,1374.4,2034198,2788699515,1361.4,1379.9,1359.5,1374.5,2034198,1374.4,2788699515
1382,1409,1374.55,1395,1392.75,4880427,6785232350,1382,1409,1374.55,1395,4880427,1392.75,6785232350
1402,1478.75,1402,1461.2,1469.3,7334715,10634966444,1402,1478.75,1402,1461.2,7334715,1469.3,10634966444
1480.1,1502.05,1437.6,1448,1446.15,6229283,9116101393,1480.1,1502.05,1437.6,1448,6229283,1446.15,9116101393
1449.95,1460.8,1437,1448.95,1446.15,2062280,2984094967,1449.95,1460.8,1437,1448.95,2062280,1446.15,2984094967
1446.15,1499.15,1446.15,1495.2,1496.85,3029183,4482539564,1446.15,1499.15,1446.15,1495.2,3029183,1496.85,4482539564
1495,1521.5,1480.5,1519.75,1515.9,6748616,10174261256,1495,1521.5,1480.5,1519.75,6748616,1515.9,10174261256
1519,1537.4,1508,1526,1526.35,4156766,6332818129,1519,1537.4,1508,1526,4156766,1526.35,6332818129
1526,1575.8,1520,1564.35,1568.25,5080043,7848221271,1526,1575.8,1520,1564.35,5080043,1568.25,7848221271
1556,1581.6,1552.05,1569,1569.1,5852032,9174915724,1556,1581.6,1552.05,1569,5852032,1569.1,9174915724
1592,1596.55,1561.2,1579.1,1576,3906554,6153807570,1592,1596.55,1561.2,1579.1,3906554,1576,6153807570
1579.2,1580,1532.9,1542.15,1544.7,3594869,5579731719,1579.2,1580,1532.9,1542.15,3594869,1544.7,5579731719
1538.4,1554,1523,1544.55,1544.3,3417501,5254500609,1538.4,1554,1523,1544.55,3417501,1544.3,5254500609
1544.3,1548.9,1506.9,1508.8,1509.75,3222397,4910325824,1544.3,1548.9,1506.9,1508.8,3222397,1509.75,4910325824
1517,1518.65,1456,1458.7,1465.85,2990724,4447751083,1517,1518.65,1456,1458.7,2990724,1465.85,4447751083
1457,1484.85,1445.35,1450,1450,2831428,4143320463,1457,1484.85,1445.35,1450,2831428,1450,4143320463
1460,1461.5,1408.6,1412.2,1411.6,2751068,3926168648,1460,1461.5,1408.6,1412.2,2751068,1411.6,3926168648
1418.7,1432,1396.15,1428.6,1420.65,3263070,4607181212,1418.7,1432,1396.15,1428.6,3263070,1420.65,4607181212
1424.25,1451,1421.2,1440.8,1444.15,2490582,3585116360,1424.25,1451,1421.2,1440.8,2490582,1444.15,3585116360
1449.75,1493.95,1449.75,1493,1485.4,3512530,5167763335,1449.75,1493.95,1449.75,1493,3512530,1485.4,5167763335
1504.5,1507,1483.25,1489.45,1493.4,2909431,4351873691,1504.5,1507,1483.25,1489.45,2909431,1493.4,4351873691
1500.1,1508.5,1486.2,1491.5,1492.75,2861481,4280720043,1500.1,1508.5,1486.2,1491.5,2861481,1492.75,4280720043
1501,1504,1490,1500,1500.8,2573443,3851868046,1501,1504,1490,1500,2573443,1500.8,3851868046
1493,1505.8,1478.2,1490.15,1489.9,2656772,3963391215,1493,1505.8,1478.2,1490.15,2656772,1489.9,3963391215
1490.5,1508.5,1482.5,1488,1487.95,2875305,4304139154,1490.5,1508.5,1482.5,1488,2875305,1487.95,4304139154
1488,1501.5,1479.35,1494.9,1496.3,1584336,2367029747,1488,1501.5,1479.35,1494.9,1584336,1496.3,2367029747
1495,1532,1495,1516,1521.85,4488835,6838491314,1495,1532,1495,1516,4488835,1521.85,6838491314
1517.1,1529.6,1504.65,1514.55,1515.4,2265163,3434988519,1517.1,1529.6,1504.65,1514.55,2265163,1515.4,3434988519
1524.7,1540,1512.1,1522.85,1524.9,1755565,2680751475,1524.7,1540,1512.1,1522.85,1755565,1524.9,2680751475
1524.9,1552.5,1518.05,1531.4,1531.4,2526529,3888792291,1524.9,1552.5,1518.05,1531.4,2526529,1531.4,3888792291
1531.4,1534.8,1505,1511.65,1510,1979911,3000475826,1531.4,1534.8,1505,1511.65,1979911,1510,3000475826
1512,1523.95,1480.8,1486.95,1484.3,2135253,3190733271,1512,1523.95,1480.8,1486.95,2135253,1484.3,3190733271
1491.75,1534.3,1486.1,1533,1529,2365906,3568937344,1491.75,1534.3,1486.1,1533,2365906,1529,3568937344
1524,1538,1512.1,1529,1528.85,2622870,3992392430,1524,1538,1512.1,1529,2622870,1528.85,3992392430
1515.05,1517.75,1465.45,1470.9,1469.4,3151046,4696333633,1515.05,1517.75,1465.45,1470.9,3151046,1469.4,4696333633
1488.45,1508,1442.2,1458,1461.65,3572603,5259481641,1488.45,1508,1442.2,1458,3572603,1461.65,5259481641
1441,1481.6,1439.05,1461.75,1458.6,3363919,4905012257,1441,1481.6,1439.05,1461.75,3363919,1458.6,4905012257
1490,1515.95,1483.2,1507.75,1507.65,3496433,5253870668,1490,1515.95,1483.2,1507.75,3496433,1507.65,5253870668
1510.85,1521.65,1484.2,1490,1491.25,3189536,4790363139,1510.85,1521.65,1484.2,1490,3189536,1491.25,4790363139
1499.8,1547,1487.35,1546,1539.65,3732412,5643523706,1499.8,1547,1487.35,1546,3732412,1539.65,5643523706
