950,958.5,945.2,947.6,5084113,4842989337,950,958.5,945.2,947.6,5084113,4842989337,949.15,949.15
947.7,947.7,920,923.8,4948895,4606622461,947.7,947.7,920,923.8,4948895,4606622461,922.95,922.95
926,929,907,924.1,6036432,5562354162,926,929,907,924.1,6036432,5562354162,924.5,924.5
929,929.6,915.1,922,4289053,3955927032,929,929.6,915.1,922,4289053,3955927032,919.7,919.7
923,934.4,922.1,934.2,4559564,4233444944,923,934.4,922.1,934.2,4559564,4233444944,931.3,931.3
948,974.3,940,970.2,20892838,20053133154,948,974.3,940,970.2,20892838,20053133154,971.5,971.5
975,990.95,975,982.05,10298500,10140509292,975,990.95,975,982.05,10298500,10140509292,983.25,983.25
981.75,981.75,962.65,967.95,6532672,6324642038,981.75,981.75,962.65,967.95,6532672,6324642038,966.35,966.35
967.9,972,956.15,963.95,6249419,6024404785,967.9,972,956.15,963.95,6249419,6024404785,965.9,965.9
966.2,977.3,959.3,963.7,4524605,4382895108,966.2,977.3,959.3,963.7,4524605,4382895108,964.5,964.5
965.8,965.8,949,950,4198139,4015232068,965.8,965.8,949,950,4198139,4015232068,950.4,950.4
950,964.5,941.55,962,5738209,5501909579,950,964.5,941.55,962,5738209,5501909579,961.3,961.3
963.25,972.6,936.6,945,7554587,7215260532,963.25,972.6,936.6,945,7554587,7215260532,943.85,943.85
935,943.95,901,901.9,13242095,12149575193,935,943.95,901,901.9,13242095,12149575193,904.35,904.35
894,912.5,881.8,907,8773525,7913964633,894,912.5,881.8,907,8773525,7913964633,902.15,902.15
877,898,871,893.4,11000567,9726627414,877,898,871,893.4,11000567,9726627414,892.1,892.1
902.55,905.4,890,892.45,7100838,6373167727,902.55,905.4,890,892.45,7100838,6373167727,894.4,894.4
897.9,910.65,892.35,906.2,6320734,5708726206,897.9,910.65,892.35,906.2,6320734,5708726206,904.55,904.55
889,902,886,899.95,5294279,4743532840,889,902,886,899.95,5294279,4743532840,897.85,897.85
903,918.2,902.05,914,5429792,4942032259,903,918.2,902.05,914,5429792,4942032259,915.5,915.5
923,942.5,921,929,10170959,9468181695,923,942.5,921,929,10170959,9468181695,933.65,933.65
937.65,945.75,928.15,936.1,6109454,5731058556,937.65,945.75,928.15,936.1,6109454,5731058556,935.65,935.65
939.6,942.6,918.1,920.45,4401672,4094973055,939.6,942.6,918.1,920.45,4401672,4094973055,921.3,921.3
921,932,913.55,928.3,4087936,3770665441,921,932,913.55,928.3,4087936,3770665441,927,927
929,929.55,918.8,919.9,3866919,3569595828,929,929.55,918.8,919.9,3866919,3569595828,921.1,921.1
930,932.5,922.15,929,5448230,5051677024,930,932.5,922.15,929,5448230,5051677024,929.35,929.35
922,931,920,921,5118850,4734779151,922,931,920,921,5118850,4734779151,924.35,924.35
925.4,938,922.75,934,4850839,4519877657,925.4,938,922.75,934,4850839,4519877657,934.25,934.25
939,944.9,936.6,938.75,3856478,3630113759,939,944.9,936.6,938.75,3856478,3630113759,938.7,938.7
939,955.8,938.35,951.5,6410097,6083477042,939,955.8,938.35,951.5,6410097,6083477042,950.5,950.5
945.95,957.1,943.2,951,25898694,24689973325,945.95,957.1,943.2,951,25898694,24689973325,954.55,954.55
949.75,959.9,945.95,948.05,4094652,3895948304,949.75,959.9,945.95,948.05,4094652,3895948304,948.4,948.4
943,950.15,921.6,922.65,5634893,5253681530,943,950.15,921.6,922.65,5634893,5253681530,924.1,924.1
929,936.2,905.1,908.65,7323680,6785121099,929,936.2,905.1,908.65,7323680,6785121099,910.85,910.85
909.25,909.25,888.05,892.4,7247708,6508943483,909.25,909.25,888.05,892.4,7247708,6508943483,889.75,889.75
897.65,914.5,893.3,911,6072983,5489882190,897.65,914.5,893.3,911,6072983,5489882190,911.45,911.45
914.9,919.35,911.05,915,4863577,4448821265,914.9,919.35,911.05,915,4863577,4448821265,913.1,913.1
920,933.1,917.55,931.95,3801407,3512520944,920,933.1,917.55,931.95,3801407,3512520944,930.3,930.3
931.9,936,921.35,934,5096825,4737580484,931.9,936,921.35,934,5096825,4737580484,931.85,931.85
928.8,932.05,919.2,931.55,6731530,6214195309,928.8,932.05,919.2,931.55,6731530,6214195309,929.05,929.05
925,929.45,910,911,5811424,5337047119,925,929.45,910,911,5811424,5337047119,911.8,911.8
909,909.7,886.05,904,14087564,12662129928,909,909.7,886.05,904,14087564,12662129928,900.05,900.05
901,906.9,892,895,5774392,5185519992,901,906.9,892,895,5774392,5185519992,895.5,895.5
893.3,904,887.05,892,6945721,6216141684,893.3,904,887.05,892,6945721,6216141684,889.8,889.8
894.85,902.35,893.3,896,6727261,6036186652,894.85,902.35,893.3,896,6727261,6036186652,896.9,896.9
896,911.95,895.75,908.9,10116965,9183446074,896,911.95,895.75,908.9,10116965,9183446074,908.15,908.15
890.6,900,889.1,892.5,10729694,9601998761,890.6,900,889.1,892.5,10729694,9601998761,893.9,893.9
893.95,904.3,892.5,901.5,6047262,5434879313,893.95,904.3,892.5,901.5,6047262,5434879313,901.1,901.1
907.2,910.75,897,898.3,6939577,6269986775,907.2,910.75,897,898.3,6939577,6269986775,899.8,899.8
895.8,895.85,880,881.6,8759586,7766716375,895.8,895.85,880,881.6,8759586,7766716375,882.7,882.7
893,900.95,886.5,892.95,5712065,5108762641,893,900.95,886.5,892.95,5712065,5108762641,892.95,892.95
891,901.7,885.25,901,6364728,5675268232,891,901.7,885.25,901,6364728,5675268232,899.55,899.55
904.7,911.8,892.05,893.25,6498407,5858765070,904.7,911.8,892.05,893.25,6498407,5858765070,894.9,894.9
905.1,910,903.5,908,3898676,3537659970,905.1,910,903.5,908,3898676,3537659970,908.2,908.2
908,918.5,905,911.95,4418462,4033221156,908,918.5,905,911.95,4418462,4033221156,911,911
912.55,919,912.55,915,3572251,3272222860,912.55,919,912.55,915,3572251,3272222860,916,916
918.4,923.9,914.15,915.5,3865402,3552772955,918.4,923.9,914.15,915.5,3865402,3552772955,917.05,917.05
921.8,932.75,916.05,931.75,6007539,5574246154,921.8,932.75,916.05,931.75,6007539,5574246154,930.85,930.85
929.85,936.65,924.2,927.1,4947725,4598362820,929.85,936.65,924.2,927.1,4947725,4598362820,928.7,928.7
932.7,941.7,928.7,939.85,5767984,5404908210,932.7,941.7,928.7,939.85,5767984,5404908210,938.85,938.85
934.45,940,928.5,938.1,4084450,3809041574,934.45,940,928.5,938.1,4084450,3809041574,937.05,937.05
940,947.2,936,945,4388713,4135607266,940,947.2,936,945,4388713,4135607266,944.25,944.25
945.25,948.2,935.05,937.7,3365196,3167484001,945.25,948.2,935.05,937.7,3365196,3167484001,938,938
939.1,945,935,942,4481413,4218134286,939.1,945,935,942,4481413,4218134286,942.3,942.3
938,941.85,921.2,930,3349519,3109071704,938,941.85,921.2,930,3349519,3109071704,927.9,927.9
930,944.35,928.5,935,3508515,3284954149,930,944.35,928.5,935,3508515,3284954149,936,936
935.8,975.7,935,971.6,9107264,8741718169,935.8,975.7,935,971.6,9107264,8741718169,970.05,970.05
973.65,981.8,963.55,972,6436620,6249960891,973.65,981.8,963.55,972,6436620,6249960891,970.5,970.5
973,988,962.25,973.15,15588001,15231697346,973,988,962.25,973.15,15588001,15231697346,975.35,975.35
989.8,1011,985.5,996.5,11666267,11665872661,989.8,1011,985.5,996.5,11666267,11665872661,996.3,996.3
982,992.6,960,963.5,8871802,8600270171,982,992.6,960,963.5,8871802,8600270171,963.3,963.3
967,979.2,965.05,974.8,6117761,5954655105,967,979.2,965.05,974.8,6117761,5954655105,972.7,972.7
977.9,977.9,959.25,962,3947546,3806512719,977.9,977.9,959.25,962,3947546,3806512719,961.6,961.6
962.85,964.7,950,953.6,3795692,3623686170,962.85,964.7,950,953.6,3795692,3623686170,953.95,953.95
958.85,973.25,956.35,971.9,3512532,3385450726,958.85,973.25,956.35,971.9,3512532,3385450726,971,971
977.5,982,965.2,966,4934036,4797914834,977.5,982,965.2,966,4934036,4797914834,967.1,967.1
965.9,984.3,962.25,976.2,4494423,4375739607,965.9,984.3,962.25,976.2,4494423,4375739607,976.7,976.7
980,984.6,974.25,979.15,4014645,3937024260,980,984.6,974.25,979.15,4014645,3937024260,981.15,981.15
981.25,991.3,977.75,986,4011516,3958724055,981.25,991.3,977.75,986,4011516,3958724055,989.25,989.25
991.95,991.95,976.7,984.95,2579561,2538890944,991.95,991.95,976.7,984.95,2579561,2538890944,986.6,986.6
983.05,1000,976.65,978.55,4800923,4746908410,983.05,1000,976.65,978.55,4800923,4746908410,978.95,978.95
974,974,952.45,954.4,8613363,8290313023,974,974,952.45,954.4,8613363,8290313023,956.15,956.15
959.35,960,941.5,944,4733477,4495273470,959.35,960,941.5,944,4733477,4495273470,945.35,945.35
945.6,953.5,932,934.5,5230037,4922041685,945.6,953.5,932,934.5,5230037,4922041685,933.85,933.85
930.75,935.7,922.1,934.8,6624893,6141603388,930.75,935.7,922.1,934.8,6624893,6141603388,931.35,931.35
933.15,934,925,927.1,5170585,4809925289,933.15,934,925,927.1,5170585,4809925289,926.75,926.75
926,926,909.15,913.8,4567562,4190710347,926,926,909.15,913.8,4567562,4190710347,912.25,912.25
914,921,910.15,917.95,5317983,4873723841,914,921,910.15,917.95,5317983,4873723841,915.85,915.85
916,923.4,914.45,922,8129520,7481573041,916,923.4,914.45,922,8129520,7481573041,920.8,920.8
924.9,927,918.1,919.95,5197835,4793495121,924.9,927,918.1,919.95,5197835,4793495121,920.4,920.4
921.5,928,914.4,916.9,8173396,7522151497,921.5,928,914.4,916.9,8173396,7522151497,917.45,917.45
914.85,923.2,906.6,915.8,5991222,5486773045,914.85,923.2,906.6,915.8,5991222,5486773045,916.1,916.1
921,922.3,914.55,920.3,16951801,15613865590,921,922.3,914.55,920.3,16951801,15613865590,921.35,921.35
920,935.75,918.45,928.6,8765835,8125389216,920,935.75,918.45,928.6,8765835,8125389216,930.55,930.55
933.4,944,930.55,941.5,5600357,5262829395,933.4,944,930.55,941.5,5600357,5262829395,940.85,940.85
942.8,955,941,948.9,7971524,7568655588,942.8,955,941,948.9,7971524,7568655588,947.65,947.65
947,956,942.65,954,4189483,3988423353,947,956,942.65,954,4189483,3988423353,954.4,954.4
954.9,976,954.45,970.85,6857300,6646752363,954.9,976,954.45,970.85,6857300,6646752363,971.35,971.35
966.35,986.55,960.6,983.1,6532599,6366671932,966.35,986.55,960.6,983.1,6532599,6366671932,984.35,984.35
987.1,999.95,979.05,980.05,6866053,6806007440,987.1,999.95,979.05,980.05,6866053,6806007440,982.65,982.65
983.4,1000,980.3,999.4,7445221,7379266303,983.4,1000,980.3,999.4,7445221,7379266303,997.15,997.15
1000,1005.9,989.5,1002.5,5926020,5921557586,1000,1005.9,989.5,1002.5,5926020,5921557586,1002.5,1002.5
997.45,1011.8,987.4,1007,5484867,5491573757,997.45,1011.8,987.4,1007,5484867,5491573757,1007.95,1007.95
1006,1023.5,999.25,1012.45,11294702,11469522694,1006,1023.5,999.25,1012.45,11294702,11469522694,1014.2,1014.2
1008.8,1020.45,1007,1014.1,5652374,5737016772,1008.8,1020.45,1007,1014.1,5652374,5737016772,1015.55,1015.55
1013.9,1014.8,993.65,995.6,6346101,6363262362,1013.9,1014.8,993.65,995.6,6346101,6363262362,996.05,996.05
996,1022.9,994.85,1019.2,7193824,7306438843,996,1022.9,994.85,1019.2,7193824,7306438843,1019.25,1019.25
1023.45,1036,1021.3,1031.6,10509756,10830925855,1023.45,1036,1021.3,1031.6,10509756,10830925855,1031.95,1031.95
1028.4,1029.2,1008.45,1011.65,16169978,16406133080,1028.4,1029.2,1008.45,1011.65,16169978,16406133080,1012.5,1012.5
1011.4,1016.5,1002.3,1005,5197694,5252204246,1011.4,1016.5,1002.3,1005,5197694,5252204246,1004.45,1004.45
1006,1006,975.25,978.3,8068585,7961465287,1006,1006,975.25,978.3,8068585,7961465287,978.95,978.95
978.5,985.4,962.7,963.7,8958555,8724005246,978.5,985.4,962.7,963.7,8958555,8724005246,965.85,965.85
962,968.5,940.3,948,8581234,8175043919,962,968.5,940.3,948,8581234,8175043919,944.95,944.95
949.1,975.5,949,973.2,7966401,7707335240,949.1,975.5,949,973.2,7966401,7707335240,972.45,972.45
972.35,972.35,957,960.05,6660916,6408701995,972.35,972.35,957,960.05,6660916,6408701995,960.6,960.6
965,978.45,960.35,972.2,5067261,4925883688,965,978.45,960.35,972.2,5067261,4925883688,971.3,971.3
971.8,992,971,991,5000724,4915326240,971.8,992,971,991,5000724,4915326240,990.1,990.1
997,1008.4,958.6,964.65,18719353,18499398246,997,1008.4,958.6,964.65,18719353,18499398246,964.5,964.5
964.75,983,964.5,977.5,9161266,8958074813,964.75,983,964.5,977.5,9161266,8958074813,977.55,977.55
987.1,1000,983.5,996,5170189,5128442011,987.1,1000,983.5,996,5170189,5128442011,997.1,997.1
1002.75,1028.5,1000,1027.5,10444513,10641500107,1002.75,1028.5,1000,1027.5,10444513,10641500107,1025.7,1025.7
1025,1040.9,1017.85,1040,8665072,8932367750,1025,1040.9,1017.85,1040,8665072,8932367750,1038.8,1038.8
1044.35,1099,1042.6,1080.9,24109297,26045070533,1044.35,1099,1042.6,1080.9,24109297,26045070533,1082.35,1082.35
1080.5,1109,1080,1101,17967282,19740145320,1080.5,1109,1080,1101,17967282,19740145320,1099.8,1099.8
1099.8,1108.9,1073.05,1078.65,6595781,7139494129,1099.8,1108.9,1073.05,1078.65,6595781,7139494129,1076.2,1076.2
1078.3,1095.95,1069.6,1094,6469256,7020568951,1078.3,1095.95,1069.6,1094,6469256,7020568951,1092.35,1092.35
1098.4,1104.6,1077.3,1093.3,4682099,5111167211,1098.4,1104.6,1077.3,1093.3,4682099,5111167211,1092.55,1092.55
1093.3,1115,1086.35,1114.35,5433617,5968998931,1093.3,1115,1086.35,1114.35,5433617,5968998931,1104.85,1104.85
1113.4,1138.5,1111.9,1127.65,8018150,9023164649,1113.4,1138.5,1111.9,1127.65,8018150,9023164649,1128.65,1128.65
1129.8,1129.8,1113.1,1120.5,5842496,6539660893,1129.8,1129.8,1113.1,1120.5,5842496,6539660893,1120.3,1120.3
1122,1126.75,1107.4,1111,4469144,4985132840,1122,1126.75,1107.4,1111,4469144,4985132840,1110.95,1110.95
1110,1123,1104.2,1112.65,5949680,6641092565,1110,1123,1104.2,1112.65,5949680,6641092565,1115.15,1115.15
1110.1,1121.5,1107.8,1112.1,6424867,7156685848,1110.1,1121.5,1107.8,1112.1,6424867,7156685848,1110.65,1110.65
1119.5,1137.4,1112.15,1128,6679468,7530602219,1119.5,1137.4,1112.15,1128,6679468,7530602219,1129.85,1129.85
1130,1157.3,1128,1152,13872467,15861210912,1130,1157.3,1128,1152,13872467,15861210912,1151.4,1151.4
1151,1190.4,1147.15,1184.15,13875377,16259510329,1151,1190.4,1147.15,1184.15,13875377,16259510329,1186,1186
1190.4,1202.9,1185.4,1188.7,9704295,11582816350,1190.4,1202.9,1185.4,1188.7,9704295,11582816350,1192.35,1192.35
1191.5,1191.5,1165.95,1169.1,6248975,7337117555,1191.5,1191.5,1165.95,1169.1,6248975,7337117555,1168.35,1168.35
1175,1183.5,1169.55,1175.4,6645397,7814873536,1175,1183.5,1169.55,1175.4,6645397,7814873536,1176.95,1176.95
1176.7,1196,1175.35,1194.45,4016418,4774942205,1176.7,1196,1175.35,1194.45,4016418,4774942205,1192.6,1192.6
1194.9,1201.4,1177,1184.7,4059460,4815955315,1194.9,1201.4,1177,1184.7,4059460,4815955315,1184.2,1184.2
1185,1222.5,1185,1220.8,7912437,9532113812,1185,1222.5,1185,1220.8,7912437,9532113812,1217.7,1217.7
1221.5,1231.7,1212,1218.5,6846928,8362923499,1221.5,1231.7,1212,1218.5,6846928,8362923499,1217.95,1217.95
1211,1215,1202.3,1204,3581210,4326050846,1211,1215,1202.3,1204,3581210,4326050846,1204.2,1204.2
1197.55,1199.95,1182.7,1189.5,4668159,5563673323,1197.55,1199.95,1182.7,1189.5,4668159,5563673323,1187.7,1187.7
1190,1217.2,1184.3,1211.9,5299536,6376786745,1190,1217.2,1184.3,1211.9,5299536,6376786745,1210.6,1210.6
1203.25,1216,1195.5,1200,5982490,7207048818,1203.25,1216,1195.5,1200,5982490,7207048818,1200.8,1200.8
1209,1215.4,1200.05,1202.65,3830992,4631245214,1209,1215.4,1200.05,1202.65,3830992,4631245214,1203.75,1203.75
1207.9,1236.8,1207.65,1235.15,7607036,9337924806,1207.9,1236.8,1207.65,1235.15,7607036,9337924806,1234.9,1234.9
1237.25,1251.5,1227,1246.7,7279641,9057941732,1237.25,1251.5,1227,1246.7,7279641,9057941732,1247.2,1247.2
1246.3,1274,1238.4,1266.9,7968123,10032803693,1246.3,1274,1238.4,1266.9,7968123,10032803693,1269.45,1269.45
1265.25,1279.95,1260.05,1277,6652005,8459873415,1265.25,1279.95,1260.05,1277,6652005,8459873415,1277.5,1277.5
1279.4,1295.85,1278.75,1292,5572177,7189818654,1279.4,1295.85,1278.75,1292,5572177,7189818654,1291.5,1291.5
1296,1323,1295,1322.5,8694751,11401552158,1296,1323,1295,1322.5,8694751,11401552158,1319,1319
1316.3,1329,1290.2,1293.9,11077203,14511006064,1316.3,1329,1290.2,1293.9,11077203,14511006064,1294.2,1294.2
1293.6,1297.15,1270.45,1277,9850042,12593407357,1293.6,1297.15,1270.45,1277,9850042,12593407357,1274.45,1274.45
1270,1270,1236.6,1238.95,15305857,19088657884,1270,1270,1236.6,1238.95,15305857,19088657884,1241.65,1241.65
1245,1257.9,1226.05,1228.1,12200022,15145106276,1245,1257.9,1226.05,1228.1,12200022,15145106276,1229.15,1229.15
1235.15,1254.8,1229,1245.3,8838770,10972780661,1235.15,1254.8,1229,1245.3,8838770,10972780661,1241.95,1241.95
1242.5,1252.65,1208.5,1226,10324923,12700281573,1242.5,1252.65,1208.5,1226,10324923,12700281573,1227,1227
1230.15,1265.7,1225.35,1261,11195043,13937952450,1230.15,1265.7,1225.35,1261,11195043,13937952450,1261.4,1261.4
1264.9,1281.35,1254.5,1277.05,10692787,13601744826,1264.9,1281.35,1254.5,1277.05,10692787,13601744826,1278.6,1278.6
1275,1277,1250.1,1254.4,7059008,8919156488,1275,1277,1250.1,1254.4,7059008,8919156488,1255.85,1255.85
1259,1268.4,1234.25,1236.5,10874768,13575108097,1259,1268.4,1234.25,1236.5,10874768,13575108097,1237.7,1237.7
1251.8,1258.7,1228.85,1251.1,8065553,10030498343,1251.8,1258.7,1228.85,1251.1,8065553,10030498343,1252.5,1252.5
1259.4,1275.6,1247.65,1252.55,7878583,9914404021,1259.4,1275.6,1247.65,1252.55,7878583,9914404021,1253.15,1253.15
1250.75,1250.75,1221.6,1224,6754086,8325041898,1250.75,1250.75,1221.6,1224,6754086,8325041898,1225.9,1225.9
1226,1239.4,1214.35,1215.4,7616412,9356664028,1226,1239.4,1214.35,1215.4,7616412,9356664028,1217.15,1217.15
1224,1224,1201,1212.95,11265786,13683609850,1224,1224,1201,1212.95,11265786,13683609850,1210.75,1210.75
1219,1237.4,1183.5,1216.2,19070172,23328775723,1219,1237.4,1183.5,1216.2,19070172,23328775723,1217.5,1217.5
1214.45,1239.9,1204.5,1234.55,10102589,12378019783,1214.45,1239.9,1204.5,1234.55,10102589,12378019783,1232.05,1232.05
1235.5,1245,1195,1229.75,9715020,11917120826,1235.5,1245,1195,1229.75,9715020,11917120826,1230.6,1230.6
1239,1253.95,1227.15,1253.5,6396828,7926846393,1239,1253.95,1227.15,1253.5,6396828,7926846393,1251.4,1251.4
1255,1263,1237.5,1252.05,10808749,13539185467,1255,1263,1237.5,1252.05,10808749,13539185467,1253.75,1253.75
1259.9,1271.7,1247.3,1254.35,11073023,13951369741,1259.9,1271.7,1247.3,1254.35,11073023,13951369741,1257.95,1257.95
1257.7,1257.7,1204,1235.6,7332693,9031562081,1257.7,1257.7,1204,1235.6,7332693,9031562081,1231.7,1231.7
1229.5,1239.6,1200.05,1201.2,7376575,8984957811,1229.5,1239.6,1200.05,1201.2,7376575,8984957811,1205.1,1205.1
1189.5,1190.4,1106,1108.5,23212443,26471556957,1189.5,1190.4,1106,1108.5,23212443,26471556957,1122.25,1122.25
1099.5,1115.3,1038.15,1049,21943190,23681863862,1099.5,1115.3,1038.15,1049,21943190,23681863862,1048.85,1048.85
1050,1117,1025.55,1110,24679428,26704181032,1050,1117,1025.55,1110,24679428,26704181032,1109.4,1109.4
1121.65,1123.3,1081.2,1083,10991196,12147885882,1121.65,1123.3,1081.2,1083,10991196,12147885882,1090.05,1090.05
1093.9,1115.85,1084.3,1103,9502176,10467314926,1093.9,1115.85,1084.3,1103,9502176,10467314926,1102.1,1102.1
1064,1114.75,1043,1090,13224172,14362719399,1064,1114.75,1043,1090,13224172,14362719399,1087.8,1087.8
1104.95,1129,1101.9,1125.5,9058536,10158064313,1104.95,1129,1101.9,1125.5,9058536,10158064313,1126.55,1126.55
1129.9,1146.9,1118.15,1137.75,8871776,10086128972,1129.9,1146.9,1118.15,1137.75,8871776,10086128972,1139.75,1139.75
1146,1167.4,1140,1166,7478601,8632001461,1146,1167.4,1140,1166,7478601,8632001461,1163.8,1163.8
1179,1179.35,1140,1151,12785646,14914670103,1179,1179.35,1140,1151,12785646,14914670103,1151.3,1151.3
1100,1111,1070.25,1100.3,25421229,27761323831,1100,1111,1070.25,1100.3,25421229,27761323831,1101.3,1101.3
1110,1114.8,1057.35,1063.2,13165542,14275380337,1110,1114.8,1057.35,1063.2,13165542,14275380337,1062.65,1062.65
1052.75,1064.7,1043.65,1061.7,10573730,11137009298,1052.75,1064.7,1043.65,1061.7,10573730,11137009298,1054.7,1054.7
1074.9,1075.95,1031.4,1049,13655337,14342542137,1074.9,1075.95,1031.4,1049,13655337,14342542137,1045.75,1045.75
1036,1040.65,1016.4,1037.8,14096237,14508429668,1036,1040.65,1016.4,1037.8,14096237,14508429668,1030.8,1030.8
1032.9,1057,1022,1042.45,9182613,9577513897,1032.9,1057,1022,1042.45,9182613,9577513897,1044.9,1044.9
1046,1093.85,1046,1089,7671807,8205700905,1046,1093.85,1046,1089,7671807,8205700905,1087.8,1087.8
1085.5,1085.5,1052.1,1056.9,8806701,9381128112,1085.5,1085.5,1052.1,1056.9,8806701,9381128112,1057,1057
1059,1065.85,1047,1058.2,16457691,17437021868,1059,1065.85,1047,1058.2,16457691,17437021868,1061.25,1061.25
1067.9,1067.9,1050,1055,9396027,9950642966,1067.9,1067.9,1050,1055,9396027,9950642966,1056.25,1056.25
1067,1081,1063.15,1074,16796200,18010596483,1067,1081,1063.15,1074,16796200,18010596483,1074.9,1074.9
1073.45,1092.7,1065,1092,7582518,8202916185,1073.45,1092.7,1065,1092,7582518,8202916185,1090.3,1090.3
1094,1112,1091.6,1101.75,8634266,9534243973,1094,1112,1091.6,1101.75,8634266,9534243973,1104.1,1104.1
1115,1115,1106.7,1111.4,1283997,1425914094,1115,1115,1106.7,1111.4,1283997,1425914094,1110.7,1110.7
1106.25,1113.8,1085,1093,10840462,11944916795,1106.25,1113.8,1085,1093,10840462,11944916795,1093.45,1093.45
1097.7,1098.8,1074.55,1076,5801720,6297872542,1097.7,1098.8,1074.55,1076,5801720,6297872542,1080,1080
1074,1103,1070.05,1097.85,6811598,7425368614,1074,1103,1070.05,1097.85,6811598,7425368614,1099.45,1099.45
1105.05,1112.65,1085.5,1099,7787530,8553487246,1105.05,1112.65,1085.5,1099,7787530,8553487246,1097.95,1097.95
1096.95,1103,1086.5,1094.7,6831740,7481565459,1096.95,1103,1086.5,1094.7,6831740,7481565459,1096.85,1096.85
1097.95,1129.95,1097.1,1125,11031889,12373982316,1097.95,1129.95,1097.1,1125,11031889,12373982316,1127.4,1127.4
1132.9,1151.7,1131,1149.65,7308981,8353119946,1132.9,1151.7,1131,1149.65,7308981,8353119946,1150,1150
1145,1155.9,1130,1137,5719901,6538904427,1145,1155.9,1130,1137,5719901,6538904427,1137.4,1137.4
1137.5,1145.5,1107.05,1113.25,7507812,8384776646,1137.5,1145.5,1107.05,1113.25,7507812,8384776646,1112.9,1112.9
1114.5,1125.35,1100.1,1100.1,5792568,6449393379,1114.5,1125.35,1100.1,1100.1,5792568,6449393379,1102.85,1102.85
1109,1117.5,1097.4,1109.75,6386556,7074414782,1109,1117.5,1097.4,1109.75,6386556,7074414782,1109.75,1109.75
1107.9,1130,1105.45,1128.6,6810228,7640955121,1107.9,1130,1105.45,1128.6,6810228,7640955121,1128.2,1128.2
1132.45,1157.75,1126.3,1151.45,8003964,9156579875,1132.45,1157.75,1126.3,1151.45,8003964,9156579875,1152.65,1152.65
1161,1179.9,1160,1167.8,12636169,14793418726,1161,1179.9,1160,1167.8,12636169,14793418726,1168.5,1168.5
1172.3,1186,1162.3,1167.1,10717448,12554963387,1172.3,1186,1162.3,1167.1,10717448,12554963387,1167.55,1167.55
1174.9,1174.9,1148.5,1158,5569578,6453718882,1174.9,1174.9,1148.5,1158,5569578,6453718882,1156.45,1156.45
1158,1158,1142.2,1153.1,5192825,5970662018,1158,1158,1142.2,1153.1,5192825,5970662018,1152.3,1152.3
1143.75,1158.8,1139.3,1158.15,5819618,6694600610,1143.75,1158.8,1139.3,1158.15,5819618,6694600610,1155.15,1155.15
1149,1149,1118.25,1119.05,5866108,6664920879,1149,1149,1118.25,1119.05,5866108,6664920879,1123.65,1123.65
1129.45,1136.95,1108.35,1133.2,7214078,8111464827,1129.45,1136.95,1108.35,1133.2,7214078,8111464827,1133.8,1133.8
1110,1114.3,1083.1,1085,9381544,10236937615,1110,1114.3,1083.1,1085,9381544,10236937615,1090.25,1090.25
1066,1102.1,1055,1098,13494665,14572281033,1066,1102.1,1055,1098,13494665,14572281033,1097.55,1097.55
1099,1113.5,1087.75,1110.9,12605431,13859813727,1099,1113.5,1087.75,1110.9,12605431,13859813727,1110.5,1110.5
1128,1128,1095.05,1105.75,9297518,10328317507,1128,1128,1095.05,1105.75,9297518,10328317507,1107.05,1107.05
1103.1,1114.9,1091.8,1110,7221324,7994694822,1103.1,1114.9,1091.8,1110,7221324,7994694822,1112.2,1112.2
1115.95,1133,1111.5,1131.65,5064357,5697537141,1115.95,1133,1111.5,1131.65,5064357,5697537141,1129.9,1129.9
1123.3,1139,1120.5,1137.75,5870928,6632265674,1123.3,1139,1120.5,1137.75,5870928,6632265674,1136.4,1136.4
1141.5,1147.3,1133.2,1134.85,7368799,8412459475,1141.5,1147.3,1133.2,1134.85,7368799,8412459475,1136.8,1136.8
1121,1132.5,1116.15,1129.9,5764731,6485603201,1121,1132.5,1116.15,1129.9,5764731,6485603201,1128.45,1128.45
1125,1131.25,1096,1098,8281941,9188808281,1125,1131.25,1096,1098,8281941,9188808281,1100.2,1100.2
1100.9,1103.2,1086.55,1089.3,4144535,4534256814,1100.9,1103.2,1086.55,1089.3,4144535,4534256814,1089.15,1089.15
1085.8,1100,1065.65,1099.7,7210059,7797694484,1085.8,1100,1065.65,1099.7,7210059,7797694484,1098.35,1098.35
1107.2,1127,1104,1118.1,12478000,13971553903,1107.2,1127,1104,1118.1,12478000,13971553903,1120.2,1120.2
1125.5,1135.25,1121.2,1125.65,7666016,8661012961,1125.5,1135.25,1121.2,1125.65,7666016,8661012961,1125.55,1125.55
1130.95,1133.85,1116.2,1125.25,7222817,8106063425,1130.95,1133.85,1116.2,1125.25,7222817,8106063425,1121.25,1121.25
1125.25,1127.3,1110.1,1120.5,4455850,4986129073,1125.25,1127.3,1110.1,1120.5,4455850,4986129073,1121,1121
1114.5,1127,1101,1104.35,7144970,7955342410,1114.5,1127,1101,1104.35,7144970,7955342410,1106.4,1106.4
1107.5,1114.6,1090.1,1090.3,7446457,8201291658,1107.5,1114.6,1090.1,1090.3,7446457,8201291658,1092.75,1092.75
1097.4,1104.45,1081.1,1099.6,8465141,9252946937,1097.4,1104.45,1081.1,1099.6,8465141,9252946937,1098.65,1098.65
1107,1118.45,1101,1104.9,5513559,6121831037,1107,1118.45,1101,1104.9,5513559,6121831037,1104.75,1104.75
1105.1,1109.95,1096,1101,5625153,6209150563,1105.1,1109.95,1096,1101,5625153,6209150563,1104.65,1104.65
1112,1117,1098.7,1109.25,5766805,6404322207,1112,1117,1098.7,1109.25,5766805,6404322207,1110.75,1110.75
1107.75,1111,1103,1107.6,4080283,4514020687,1107.75,1111,1103,1107.6,4080283,4514020687,1107.5,1107.5
1107.6,1113.8,1088.6,1095.5,6463903,7105842454,1107.6,1113.8,1088.6,1095.5,6463903,7105842454,1098.05,1098.05
1095,1100.5,1086.4,1099,4111782,4496426169,1095,1100.5,1086.4,1099,4111782,4496426169,1096.8,1096.8
1105,1132,1105,1130.95,10062875,11318469360,1105,1132,1105,1130.95,10062875,11318469360,1129.65,1129.65
1135,1145,1130.35,1136.5,6382777,7270322619,1135,1145,1130.35,1136.5,6382777,7270322619,1135.9,1135.9
1144.45,1147.9,1130,1133,7487963,8531072687,1144.45,1147.9,1130,1133,7487963,8531072687,1134.45,1134.45
1148.8,1189.9,1135.25,1185.8,25684142,29870001779,1148.8,1189.9,1135.25,1185.8,25684142,29870001779,1184.35,1184.35
1194,1239.95,1188.65,1235,22038534,26948045198,1194,1239.95,1188.65,1235,22038534,26948045198,1237.7,1237.7
1232.85,1246.95,1219.6,1232,16552819,20426529562,1232.85,1246.95,1219.6,1232,16552819,20426529562,1235.15,1235.15
1233.3,1244.2,1222,1224.45,8829502,10893762274,1233.3,1244.2,1222,1224.45,8829502,10893762274,1226.3,1226.3
1225,1253.2,1220.1,1249,13155185,16318007440,1225,1253.2,1220.1,1249,13155185,16318007440,1247.45,1247.45
1250.45,1264.7,1235.4,1247.1,8550836,10718047747,1250.45,1264.7,1235.4,1247.1,8550836,10718047747,1246,1246
1250.5,1255.95,1222.4,1230.5,8569265,10602958029,1250.5,1255.95,1222.4,1230.5,8569265,10602958029,1229.55,1229.55
1231,1231.65,1201.35,1214.9,9328866,11314352060,1231,1231.65,1201.35,1214.9,9328866,11314352060,1210.65,1210.65
1215,1225,1191.1,1195.75,7846940,9479601531,1215,1225,1191.1,1195.75,7846940,9479601531,1195.7,1195.7
1202,1229.7,1201,1225.2,10185347,12430723963,1202,1229.7,1201,1225.2,10185347,12430723963,1227.15,1227.15
1234,1255,1227.05,1253.1,9228965,11450198242,1234,1255,1227.05,1253.1,9228965,11450198242,1249.95,1249.95
1247,1296.95,1242.05,1289.5,11670570,14816488322,1247,1296.95,1242.05,1289.5,11670570,14816488322,1290.9,1290.9
1292,1304.4,1278.6,1288,9362406,12096749451,1292,1304.4,1278.6,1288,9362406,12096749451,1291.55,1291.55
1296.25,1317.65,1294.25,1310.55,9411585,12322866455,1296.25,1317.65,1294.25,1310.55,9411585,12322866455,1310.25,1310.25
1310.25,1321.2,1286.1,1288,9212227,11996039371,1310.25,1321.2,1286.1,1288,9212227,11996039371,1290.4,1290.4
1284.8,1300.5,1272.25,1277.8,6505502,8346364103,1284.8,1300.5,1272.25,1277.8,6505502,8346364103,1277.7,1277.7
1275.9,1276,1251,1254.5,7523999,9475609078,1275.9,1276,1251,1254.5,7523999,9475609078,1253.25,1253.25
1251.5,1272.35,1251.5,1255.5,6399485,8074847916,1251.5,1272.35,1251.5,1255.5,6399485,8074847916,1256.4,1256.4
1261,1273.95,1235.75,1238.3,6964042,8767311289,1261,1273.95,1235.75,1238.3,6964042,8767311289,1245.95,1245.95
1241,1241,1218,1229.1,6627360,8131900744,1241,1241,1218,1229.1,6627360,8131900744,1224.2,1224.2
1229.75,1249.9,1214,1248.1,9597961,11792253866,1229.75,1249.9,1214,1248.1,9597961,11792253866,1244.45,1244.45
1250,1252.5,1215,1215.65,9649017,11835163808,1250,1252.5,1215,1215.65,9649017,11835163808,1220.1,1220.1
1218,1239.7,1211.2,1215.6,6244189,7670926659,1218,1239.7,1211.2,1215.6,6244189,7670926659,1216.1,1216.1
1223.85,1240,1219,1235.55,6298179,7736005977,1223.85,1240,1219,1235.55,6298179,7736005977,1234.35,1234.35
1236,1257.8,1229.35,1247.3,10580178,13188332137,1236,1257.8,1229.35,1247.3,10580178,13188332137,1246.9,1246.9
1244.6,1245.3,1226,1231.7,8755865,10803986768,1244.6,1245.3,1226,1231.7,8755865,10803986768,1232.35,1232.35
1236,1243,1220.65,1231.3,7852528,9676593047,1236,1243,1220.65,1231.3,7852528,9676593047,1232.3,1232.3
1209.5,1234.8,1206,1220.2,10131050,12372287570,1209.5,1234.8,1206,1220.2,10131050,12372287570,1220.25,1220.25
1228.05,1244.9,1209,1220.65,11113182,13637250489,1228.05,1244.9,1209,1220.65,11113182,13637250489,1223.5,1223.5
1233.75,1239.85,1226.55,1232,11286916,13917567837,1233.75,1239.85,1226.55,1232,11286916,13917567837,1231.05,1231.05
1237,1242.35,1222.25,1225,7922513,9737413570,1237,1242.35,1222.25,1225,7922513,9737413570,1226.05,1226.05
1223.4,1239.8,1218.6,1237.45,7121509,8752505366,1223.4,1239.8,1218.6,1237.45,7121509,8752505366,1237.65,1237.65
1239.8,1273.1,1235.1,1262,12038231,15139719373,1239.8,1273.1,1235.1,1262,12038231,15139719373,1264.8,1264.8
1264,1279.8,1258.15,1270,8109259,10312571023,1264,1279.8,1258.15,1270,8109259,10312571023,1270.25,1270.25
1266.05,1274.45,1262,1266.9,6040052,7654451409,1266.05,1274.45,1262,1266.9,6040052,7654451409,1267.1,1267.1
1270.05,1312,1268,1309.55,9718840,12556541046,1270.05,1312,1268,1309.55,9718840,12556541046,1304.1,1304.1
1316.9,1334,1314.25,1330.85,11228736,14876774951,1316.9,1334,1314.25,1330.85,11228736,14876774951,1331.35,1331.35
1337,1360,1328.1,1349,11236048,15046185762,1337,1360,1328.1,1349,11236048,15046185762,1347.3,1347.3
1349.75,1362,1336.1,1339.5,10402048,14067556296,1349.75,1362,1336.1,1339.5,10402048,14067556296,1341.55,1341.55
1345,1358.8,1311.2,1323.75,15893093,21202054548,1345,1358.8,1311.2,1323.75,15893093,21202054548,1321.65,1321.65
1331,1357.95,1329,1356.5,10105234,13553461916,1331,1357.95,1329,1356.5,10105234,13553461916,1350.05,1350.05
1360,1380,1343.1,1378,9805318,13356900675,1360,1380,1343.1,1378,9805318,13356900675,1376.55,1376.55
1377.8,1388,1364,1373.05,9892823,13614222090,1377.8,1388,1364,1373.05,9892823,13614222090,1375.45,1375.45
1375.45,1375.45,1375.45,1375.45,1055545,1451849370,1375.45,1375.45,1375.45,1375.45,1055545,1451849370,1375.45,1375.45
1372.5,1380.9,1336.7,1345.1,11465112,15582694375,1372.5,1380.9,1336.7,1345.1,11465112,15582694375,1341.75,1341.75
1330.6,1336.85,1316.7,1328,7951992,10537631803,1330.6,1336.85,1316.7,1328,7951992,10537631803,1324.45,1324.45
1330.3,1371.6,1330,1369,9479288,12826063636,1330.3,1371.6,1330,1369,9479288,12826063636,1367.25,1367.25
1377.95,1377.95,1344.25,1347,10094174,13735399191,1377.95,1377.95,1344.25,1347,10094174,13735399191,1349.25,1349.25
1350.25,1369.8,1342.8,1362,10482938,14228879897,1350.25,1369.8,1342.8,1362,10482938,14228879897,1360,1360
1370.05,1376.85,1355.1,1363.05,7699271,10498445886,1370.05,1376.85,1355.1,1363.05,7699271,10498445886,1363.25,1363.25
1370,1406.8,1362.55,1391.6,10098281,14003614629,1370,1406.8,1362.55,1391.6,10098281,14003614629,1391.85,1391.85
1398,1403.1,1380.1,1388.2,8012636,11140373758,1398,1403.1,1380.1,1388.2,8012636,11140373758,1389.7,1389.7
1392.75,1403,1372,1374.6,7849461,10912295747,1392.75,1403,1372,1374.6,7849461,10912295747,1375.2,1375.2
1379,1383.7,1347.25,1354.5,8375674,11396256161,1379,1383.7,1347.25,1354.5,8375674,11396256161,1353.05,1353.05
1360.95,1363.9,1343,1355.85,6728239,9100090312,1360.95,1363.9,1343,1355.85,6728239,9100090312,1353.9,1353.9
1356,1357.5,1323.7,1328,8723577,11646734561,1356,1357.5,1323.7,1328,8723577,11646734561,1329.25,1329.25
1328.9,1340.7,1321,1338,9497621,12636159791,1328.9,1340.7,1321,1338,9497621,12636159791,1334.45,1334.45
1337.95,1348,1326.5,1331,7612711,10185730758,1337.95,1348,1326.5,1331,7612711,10185730758,1331.4,1331.4
1332.95,1353,1329,1350,5741333,7684265512,1332.95,1353,1329,1350,5741333,7684265512,1346.8,1346.8
1350,1356.9,1336.65,1340,5919742,7968461251,1350,1356.9,1336.65,1340,5919742,7968461251,1343.1,1343.1
1345,1348.95,1335,1339,4245127,5694089312,1345,1348.95,1335,1339,4245127,5694089312,1340.15,1340.15
1345,1360,1340,1345,7936553,10711981440,1345,1360,1340,1345,7936553,10711981440,1343.75,1343.75
1375,1389.75,1365,1386.05,17960482,24776645490,1375,1389.75,1365,1386.05,17960482,24776645490,1385.95,1385.95
1360,1367,1341.3,1344,10792748,14611422111,1360,1367,1341.3,1344,10792748,14611422111,1345.35,1345.35
1348,1373,1346,1364.65,9055300,12342230169,1348,1373,1346,1364.65,9055300,12342230169,1363.85,1363.85
1370.3,1394.8,1366.25,1389.5,7360887,10153225468,1370.3,1394.8,1366.25,1389.5,7360887,10153225468,1389.5,1389.5
1389.1,1412.4,1362.6,1370,13929820,19387122710,1389.1,1412.4,1362.6,1370,13929820,19387122710,1372.4,1372.4
1375,1395.95,1370.7,1392,6889444,9534854406,1375,1395.95,1370.7,1392,6889444,9534854406,1392.8,1392.8
1396.4,1396.4,1366.8,1392.45,10217019,14148587975,1396.4,1396.4,1366.8,1392.45,10217019,14148587975,1392.8,1392.8
1392,1413.9,1382.1,1403.1,8682505,12175759294,1392,1413.9,1382.1,1403.1,8682505,12175759294,1405.05,1405.05
1407.95,1417.5,1402.65,1409.9,6510169,9193624810,1407.95,1417.5,1402.65,1409.9,6510169,9193624810,1408.85,1408.85
1398,1402.8,1378.1,1382.95,7237910,10078024781,1398,1402.8,1378.1,1382.95,7237910,10078024781,1384.9,1384.9
1394.8,1395,1340.2,1341,8877095,12087393002,1394.8,1395,1340.2,1341,8877095,12087393002,1343.5,1343.5
1340,1340,1292.2,1297.75,14610543,19185103692,1340,1340,1292.2,1297.75,14610543,19185103692,1299.45,1299.45
1288.8,1288.8,1251.75,1253.15,19507368,24678759802,1288.8,1288.8,1251.75,1253.15,19507368,24678759802,1256.45,1256.45
1265,1277.7,1245,1245.75,11226831,14185772329,1265,1277.7,1245,1245.75,11226831,14185772329,1251.15,1251.15
1247.9,1260.8,1227.5,1229.9,8047801,10035248863,1247.9,1260.8,1227.5,1229.9,8047801,10035248863,1232.05,1232.05
1236.5,1269.35,1231.5,1267,13001004,16285800117,1236.5,1269.35,1231.5,1267,13001004,16285800117,1260.45,1260.45
1273,1278,1250.6,1256,11163801,14172762818,1273,1278,1250.6,1256,11163801,14172762818,1256.9,1256.9
1259.95,1271.9,1258.1,1269.2,6606652,8355421933,1259.95,1271.9,1258.1,1269.2,6606652,8355421933,1265.35,1265.35
1267,1276.95,1252,1269,7898440,10021920301,1267,1276.95,1252,1269,7898440,10021920301,1267.4,1267.4
1313.6,1337.7,1303.5,1328.55,12333937,16271303255,1313.6,1337.7,1303.5,1328.55,12333937,16271303255,1325.9,1325.9
1332.2,1367,1330.05,1339.9,13872055,18699517120,1332.2,1367,1330.05,1339.9,13872055,18699517120,1339.8,1339.8
1345.65,1359.7,1335.1,1344,11287400,15183604297,1345.65,1359.7,1335.1,1344,11287400,15183604297,1340.4,1340.4
1372,1392,1325,1336,17722514,24181412650,1372,1392,1325,1336,17722514,24181412650,1333.9,1333.9
1348,1353.8,1316.5,1338,10180759,13588548475,1348,1353.8,1316.5,1338,10180759,13588548475,1336.85,1336.85
1337.1,1337.5,1307,1313.2,7349720,9722442982,1337.1,1337.5,1307,1313.2,7349720,9722442982,1310.65,1310.65
1319.8,1334.8,1313.35,1330,19472659,25779560282,1319.8,1334.8,1313.35,1330,19472659,25779560282,1323.75,1323.75
1321,1333.3,1304.15,1315.6,7112830,9396655635,1321,1333.3,1304.15,1315.6,7112830,9396655635,1313.05,1313.05
1316.25,1342,1316.25,1330,10740841,14280455588,1316.25,1342,1316.25,1330,10740841,14280455588,1329.75,1329.75
1337.9,1341.9,1320.2,1330.1,11760178,15649085826,1337.9,1341.9,1320.2,1330.1,11760178,15649085826,1330.15,1330.15
1335,1367.25,1321.2,1364,8483610,11405935738,1335,1367.25,1321.2,1364,8483610,11405935738,1360.2,1360.2
1357.45,1374.25,1348.1,1353,7059911,9588561365,1357.45,1374.25,1348.1,1353,7059911,9588561365,1351.65,1351.65
1361.9,1361.9,1321.1,1326.15,7664319,10235481154,1361.9,1361.9,1321.1,1326.15,7664319,10235481154,1327.35,1327.35
1325.95,1327.25,1305.6,1311,6730595,8847672553,1325.95,1327.25,1305.6,1311,6730595,8847672553,1314.9,1314.9
1320.9,1327,1310.1,1320.5,5380148,7099110100,1320.9,1327,1310.1,1320.5,5380148,7099110100,1319.15,1319.15
1321.85,1334.5,1318,1329.55,5253790,6974448670,1321.85,1334.5,1318,1329.55,5253790,6974448670,1329.15,1329.15
1334.7,1338.4,1325,1333.2,4707716,6273369872,1334.7,1338.4,1325,1333.2,4707716,6273369872,1332.15,1332.15
1330,1334.7,1308.65,1323.65,7171189,9483684625,1330,1334.7,1308.65,1323.65,7171189,9483684625,1327.25,1327.25
1321.9,1325,1309.4,1320,6831331,8990093262,1321.9,1325,1309.4,1320,6831331,8990093262,1317.55,1317.55
1320,1320,1278.5,1282.25,6815554,8805027721,1320,1320,1278.5,1282.25,6815554,8805027721,1282.3,1282.3
1278.9,1287.95,1269.1,1278.5,7679193,9828580500,1278.9,1287.95,1269.1,1278.5,7679193,9828580500,1281,1281
1286.9,1302,1262.6,1282,6625604,8509322280,1286.9,1302,1262.6,1282,6625604,8509322280,1277.35,1277.35
1280,1300,1278,1299.9,4914012,6331138795,1280,1300,1278,1299.9,4914012,6331138795,1296.75,1296.75
1295.95,1296,1275.55,1278.7,10623098,13619185209,1295.95,1296,1275.55,1278.7,10623098,13619185209,1279.5,1279.5
1272.15,1276.45,1257.1,1261.85,5150998,6511020817,1272.15,1276.45,1257.1,1261.85,5150998,6511020817,1262.4,1262.4
1258.9,1298,1254.25,1295.4,6842363,8767510683,1258.9,1298,1254.25,1295.4,6842363,8767510683,1295.85,1295.85
1291,1304.6,1286.35,1291.9,5299942,6868096872,1291,1304.6,1286.35,1291.9,5299942,6868096872,1294.15,1294.15
1293.15,1296.9,1271,1276,11385972,14586656141,1293.15,1296.9,1271,1276,11385972,14586656141,1274.15,1274.15
1277.1,1282.85,1248.65,1254,8659721,10927608371,1277.1,1282.85,1248.65,1254,8659721,10927608371,1253.1,1253.1
1258.05,1272.65,1246.45,1268.9,6162080,7782945943,1258.05,1272.65,1246.45,1268.9,6162080,7782945943,1268.85,1268.85
1273.95,1281,1263.3,1279,4638751,5904738864,1273.95,1281,1263.3,1279,4638751,5904738864,1278.5,1278.5
1282.9,1286.5,1275.05,1282,4026032,5159834855,1282.9,1286.5,1275.05,1282,4026032,5159834855,1282.55,1282.55
1281.4,1291,1280,1284,4275148,5497406372,1281.4,1291,1280,1284,4275148,5497406372,1284,1284
1285.1,1290.5,1260,1262.9,4995344,6369748472,1285.1,1290.5,1260,1262.9,4995344,6369748472,1263.35,1263.35
1258,1268.1,1248.2,1252.5,6404544,8047480742,1258,1268.1,1248.2,1252.5,6404544,8047480742,1252.05,1252.05
1248.95,1283.5,1245.5,1283,8016757,10202649426,1248.95,1283.5,1245.5,1283,8016757,10202649426,1280.1,1280.1
1280.05,1289.35,1268.7,1277.1,5494315,7019145793,1280.05,1289.35,1268.7,1277.1,5494315,7019145793,1278.85,1278.85
1287,1289.8,1279.3,1280.5,3935460,5055815448,1287,1289.8,1279.3,1280.5,3935460,5055815448,1281.55,1281.55
1283,1300,1278.05,1278.55,7174054,9271567813,1283,1300,1278.05,1278.55,7174054,9271567813,1280.5,1280.5
1285,1289.5,1270.35,1276.5,4873164,6221997658,1285,1289.5,1270.35,1276.5,4873164,6221997658,1276.1,1276.1
1279.95,1294.9,1277.05,1292.1,4604019,5920407971,1279.95,1294.9,1277.05,1292.1,4604019,5920407971,1293,1293
1294.3,1297,1280,1280.5,4334958,5579597026,1294.3,1297,1280,1280.5,4334958,5579597026,1281.85,1281.85
1282,1286.4,1258,1264.9,5459896,6929997087,1282,1286.4,1258,1264.9,5459896,6929997087,1261.85,1261.85
1268.2,1272.95,1242.7,1253,7468515,9386768752,1268.2,1272.95,1242.7,1253,7468515,9386768752,1249,1249
1251,1284.5,1227.3,1278.1,13300153,16785913907,1251,1284.5,1227.3,1278.1,13300153,16785913907,1280.5,1280.5
1285,1293.9,1260.4,1275,9287951,11903864962,1285,1293.9,1260.4,1275,9287951,11903864962,1273.55,1273.55
1273.5,1278.8,1253.55,1260,6943982,8757320632,1273.5,1278.8,1253.55,1260,6943982,8757320632,1259.1,1259.1
1264,1269.05,1227,1235,9968545,12413340500,1264,1269.05,1227,1235,9968545,12413340500,1231.5,1231.5
1231.5,1242.5,1210,1217,9320481,11396954500,1231.5,1242.5,1210,1217,9320481,11396954500,1213.8,1213.8
1216.9,1222,1205.1,1211.4,8058035,9769288353,1216.9,1222,1205.1,1211.4,8058035,9769288353,1210.95,1210.95
1213.95,1220,1175.95,1177.6,9533344,11432780839,1213.95,1220,1175.95,1177.6,9533344,11432780839,1180.9,1180.9
1175.75,1185,1162.4,1165.2,9705619,11393035592,1175.75,1185,1162.4,1165.2,9705619,11393035592,1166.25,1166.25
1163.4,1188.2,1150.35,1185.75,10344862,12039909017,1163.4,1188.2,1150.35,1185.75,10344862,12039909017,1180.25,1180.25
1175.7,1198.25,1162.1,1183.55,10865385,12838863669,1175.7,1198.25,1162.1,1183.55,10865385,12838863669,1184.35,1184.35
1167,1167,1128,1141,13897461,15896018245,1167,1167,1128,1141,13897461,15896018245,1143.35,1143.35
1134.75,1149.6,1122,1122.35,13288909,15113039873,1134.75,1149.6,1122,1122.35,13288909,15113039873,1128.3,1128.3
1126.5,1138.55,1103.1,1104.4,11588879,12965339878,1126.5,1138.55,1103.1,1104.4,11588879,12965339878,1109.4,1109.4
1108.35,1158,1095.3,1156.65,14262936,16043824121,1108.35,1158,1095.3,1156.65,14262936,16043824121,1152.35,1152.35
1161.85,1175.5,1152.3,1161,10043949,11714585303,1161.85,1175.5,1152.3,1161,10043949,11714585303,1162.1,1162.1
1233.15,1302.8,1226,1275.3,47923444,61092901704,1233.15,1302.8,1226,1275.3,47923444,61092901704,1274.75,1274.75
1304,1304.45,1280.35,1288,14487137,18719162022,1304,1304.45,1280.35,1288,14487137,18719162022,1288.25,1288.25
1291.2,1291.8,1273,1278.5,10047496,12868358694,1291.2,1291.8,1273,1278.5,10047496,12868358694,1278,1278
1281.05,1296.8,1280,1290,7459859,9619648793,1281.05,1296.8,1280,1290,7459859,9619648793,1292.6,1292.6
1289.8,1292.6,1272.6,1278.55,6843460,8765276621,1289.8,1292.6,1272.6,1278.55,6843460,8765276621,1275.95,1275.95
1275.65,1278.65,1266.5,1271.05,4881553,6206485612,1275.65,1278.65,1266.5,1271.05,4881553,6206485612,1270.95,1270.95
1270.95,1271,1238.9,1244.2,6414937,8030748574,1270.95,1271,1238.9,1244.2,6414937,8030748574,1246.75,1246.75
1239,1284,1226.5,1276,9741262,12256262869,1239,1284,1226.5,1276,9741262,12256262869,1275.85,1275.85
1294,1294,1259,1265,8778739,11185873443,1294,1294,1259,1265,8778739,11185873443,1266.8,1266.8
1285,1285,1261.2,1274.35,12984396,16522569647,1285,1285,1261.2,1274.35,12984396,16522569647,1274.85,1274.85
1273.75,1281,1256.05,1260.05,5305639,6718393215,1273.75,1281,1256.05,1260.05,5305639,6718393215,1263.3,1263.3
1256.45,1260.25,1235.3,1242.05,8635974,10772946075,1256.45,1260.25,1235.3,1242.05,8635974,10772946075,1241.75,1241.75
1245.5,1254.4,1221,1253,11308120,13993833783,1245.5,1254.4,1221,1253,11308120,13993833783,1248.55,1248.55
1242.25,1243,1200,1200.45,8563009,10465120848,1242.25,1243,1200,1200.45,8563009,10465120848,1206.4,1206.4
1200.55,1205.25,1186.05,1202.4,15063355,18015841145,1200.55,1205.25,1186.05,1202.4,15063355,18015841145,1201.15,1201.15
1206.8,1213.2,1193.3,1193.4,10512763,12643724991,1206.8,1213.2,1193.3,1193.4,10512763,12643724991,1198.6,1198.6
1203,1229,1195.25,1220.5,10600234,12883178006,1203,1229,1195.25,1220.5,10600234,12883178006,1222.5,1222.5
1220.65,1233,1213.15,1221.7,5370758,6574555885,1220.65,1233,1213.15,1221.7,5370758,6574555885,1222.2,1222.2
1222.5,1240,1222.5,1232.05,5544468,6840842137,1222.5,1240,1222.5,1232.05,5544468,6840842137,1234.4,1234.4
1235,1240.45,1205.7,1211.5,5431139,6639105042,1235,1240.45,1205.7,1211.5,5431139,6639105042,1210.35,1210.35
1212,1228.5,1206.9,1226.7,5919260,7199926784,1212,1228.5,1206.9,1226.7,5919260,7199926784,1225.6,1225.6
1189,1219.1,1186.1,1210.6,9393731,11325440053,1189,1219.1,1186.1,1210.6,9393731,11325440053,1210.75,1210.75
1211,1211,1193.5,1196.95,7150435,8593600264,1211,1211,1193.5,1196.95,7150435,8593600264,1197.45,1197.45
1204.95,1216.3,1197.2,1209,6827281,8233652162,1204.95,1216.3,1197.2,1209,6827281,8233652162,1205.7,1205.7
1207.85,1209.7,1172.65,1179,6293454,7486075537,1207.85,1209.7,1172.65,1179,6293454,7486075537,1179.05,1179.05
1187.95,1269.9,1174.3,1254.35,22019674,27269067452,1187.95,1269.9,1174.3,1254.35,22019674,27269067452,1254.35,1254.35
1274.15,1281,1235,1236.35,9879751,12349237345,1274.15,1281,1235,1236.35,9879751,12349237345,1239.2,1239.2
1243.6,1298.8,1242.75,1277.5,15982067,20496560838,1243.6,1298.8,1242.75,1277.5,15982067,20496560838,1278.7,1278.7
1284,1295,1268.85,1280.6,8316894,10682857321,1284,1295,1268.85,1280.6,8316894,10682857321,1279.55,1279.55
1292,1298.8,1283.5,1296.5,8389212,10849310880,1292,1298.8,1283.5,1296.5,8389212,10849310880,1296.8,1296.8
1292.5,1315,1284,1307.5,8712980,11391851166,1292.5,1315,1284,1307.5,8712980,11391851166,1309.05,1309.05
1310,1335.75,1305.55,1333.4,11549746,15269859907,1310,1335.75,1305.55,1333.4,11549746,15269859907,1332.25,1332.25
1337,1342,1293.3,1303.7,8192597,10815596239,1337,1342,1293.3,1303.7,8192597,10815596239,1304.9,1304.9
1286,1314.7,1281.3,1311.6,6183107,8071137690,1286,1314.7,1281.3,1311.6,6183107,8071137690,1311.05,1311.05
1319.9,1328.6,1303.85,1307.75,6853954,9034653712,1319.9,1328.6,1303.85,1307.75,6853954,9034653712,1308.1,1308.1
1308.1,1320.8,1301.7,1308.9,4599818,6035333162,1308.1,1320.8,1301.7,1308.9,4599818,6035333162,1310.1,1310.1
1308.7,1329.95,1292.5,1328.7,8040938,10529814619,1308.7,1329.95,1292.5,1328.7,8040938,10529814619,1324.75,1324.75
1325,1369,1321,1360.15,16003744,21716222026,1325,1369,1321,1360.15,16003744,21716222026,1362.75,1362.75
1363.7,1365.6,1336.55,1350.1,7587648,10260367695,1363.7,1365.6,1336.55,1350.1,7587648,10260367695,1352.6,1352.6
1364.95,1364.95,1350.85,1356.9,6123412,8317237659,1364.95,1364.95,1350.85,1356.9,6123412,8317237659,1358,1358
1362.5,1370,1354.3,1364.15,4422075,6033214999,1362.5,1370,1354.3,1364.15,4422075,6033214999,1364.15,1364.15
1369.9,1379.65,1363.7,1374.5,8870701,12165579724,1369.9,1379.65,1363.7,1374.5,8870701,12165579724,1372.35,1372.35
1375,1399,1372,1394.95,7332464,10153421510,1375,1399,1372,1394.95,7332464,10153421510,1396.5,1396.5
1404,1427.9,1398.7,1416,12856410,18209582126,1404,1427.9,1398.7,1416,12856410,18209582126,1416.35,1416.35
1425,1436.85,1403.35,1417.4,12703054,18050195874,1425,1436.85,1403.35,1417.4,12703054,18050195874,1414.15,1414.15
1416.3,1425.95,1383.15,1394,8432964,11834877911,1416.3,1425.95,1383.15,1394,8432964,11834877911,1392.4,1392.4
1401,1441.4,1386.55,1435.1,10351384,14648603629,1401,1441.4,1386.55,1435.1,10351384,14648603629,1436.45,1436.45
1441.1,1441.45,1411.25,1428.25,6190013,8827068858,1441.1,1441.45,1411.25,1428.25,6190013,8827068858,1431.2,1431.2
1441,1445,1430,1435.5,1378313,1981825201,1441,1445,1430,1435.5,1378313,1981825201,1434.25,1434.25
1445.5,1480,1442.1,1470.1,11780494,17264861676,1445.5,1480,1442.1,1470.1,11780494,17264861676,1467.05,1467.05
1480,1484.55,1460.3,1482.6,7470723,10996072296,1480,1484.55,1460.3,1482.6,7470723,10996072296,1479.1,1479.1
1484,1489.65,1461.7,1465.1,8898168,13096851142,1484,1489.65,1461.7,1465.1,8898168,13096851142,1464.35,1464.35
1455,1461.8,1441,1456.15,6356579,9227241717,1455,1461.8,1441,1456.15,6356579,9227241717,1456.9,1456.9
1465.9,1471,1445.1,1460.65,6429329,9362882584,1465.9,1471,1445.1,1460.65,6429329,9362882584,1457.65,1457.65
1463.1,1468.95,1441,1447.5,5799318,8404412066,1463.1,1468.95,1441,1447.5,5799318,8404412066,1447.3,1447.3
1442.7,1446.45,1428.5,1433,6686289,9603195009,1442.7,1446.45,1428.5,1433,6686289,9603195009,1434.9,1434.9
1435,1463,1432.2,1461,6438749,9327688346,1435,1463,1432.2,1461,6438749,9327688346,1458.6,1458.6
1449,1459.65,1441.3,1446,5494844,7959284446,1449,1459.65,1441.3,1446,5494844,7959284446,1445.5,1445.5
1439.1,1444.25,1422.55,1427.8,5192423,7432416175,1439.1,1444.25,1422.55,1427.8,5192423,7432416175,1427.8,1427.8
1430,1475.9,1430,1469.1,11532364,16845751337,1430,1475.9,1430,1469.1,11532364,16845751337,1472.3,1472.3
1476,1481.6,1455.8,1458.25,6518339,9561881077,1476,1481.6,1455.8,1458.25,6518339,9561881077,1462.75,1462.75
1465.65,1486.8,1463.15,1466.8,7173674,10594340066,1465.65,1486.8,1463.15,1466.8,7173674,10594340066,1470.85,1470.85
1472.65,1486,1455.4,1460.05,6435097,9449287322,1472.65,1486,1455.4,1460.05,6435097,9449287322,1459.2,1459.2
1467,1514.9,1465,1511.55,13795569,20644325395,1467,1514.9,1465,1511.55,13795569,20644325395,1509.75,1509.75
1555.05,1572.4,1543.2,1548.5,19904164,31043534027,1555.05,1572.4,1543.2,1548.5,19904164,31043534027,1547.65,1547.65
1545,1556,1528.55,1540.5,6810577,10477684602,1545,1556,1528.55,1540.5,6810577,10477684602,1537.6,1537.6
1542.1,1569.5,1537.6,1548.05,10218978,15852947452,1542.1,1569.5,1537.6,1548.05,10218978,15852947452,1546.5,1546.5
1551.15,1564.8,1551,1562,6924313,10795666734,1551.15,1564.8,1551,1562,6924313,10795666734,1561.55,1561.55
1568.1,1576.35,1556,1561.2,16152137,25248383481,1568.1,1576.35,1556,1561.2,16152137,25248383481,1560.25,1560.25
1559.95,1575.5,1556.1,1575.1,4408336,6895829808,1559.95,1575.5,1556.1,1575.1,4408336,6895829808,1569.85,1569.85
1572.65,1584.15,1563.95,1582,6284885,9906407922,1572.65,1584.15,1563.95,1582,6284885,9906407922,1580.3,1580.3
1581.95,1581.95,1547.85,1553,8484822,13225831194,1581.95,1581.95,1547.85,1553,8484822,13225831194,1551.15,1551.15
1600,1614.45,1577,1586.9,14275186,22736671351,1600,1614.45,1577,1586.9,14275186,22736671351,1586.5,1586.5
1592.75,1594,1572.6,1582,5938786,9383687343,1592.75,1594,1572.6,1582,5938786,9383687343,1578.9,1578.9
1573,1577.5,1533.75,1554.5,9594828,14888958079,1573,1577.5,1533.75,1554.5,9594828,14888958079,1552.7,1552.7
1574,1579.75,1544,1551,9117022,14235446633,1574,1579.75,1544,1551,9117022,14235446633,1550.85,1550.85
1553,1568,1541.1,1554.5,5982129,9304004870,1553,1568,1541.1,1554.5,5982129,9304004870,1554.9,1554.9
1556.15,1577.4,1546.5,1572.95,5779807,9046924671,1556.15,1577.4,1546.5,1572.95,5779807,9046924671,1572.6,1572.6
1572.05,1573.6,1554.15,1564.9,4650906,7263249188,1572.05,1573.6,1554.15,1564.9,4650906,7263249188,1561.95,1561.95
1555.6,1574.5,1550.6,1561,5652698,8819046878,1555.6,1574.5,1550.6,1561,5652698,8819046878,1562.4,1562.4
1570.25,1573.85,1556.65,1571.1,4720977,7387206060,1570.25,1573.85,1556.65,1571.1,4720977,7387206060,1568.2,1568.2
1580,1590,1572.4,1584.05,5791522,9154160089,1580,1590,1572.4,1584.05,5791522,9154160089,1582.9,1582.9
1592,1593.9,1564.35,1571,5436951,8566568694,1592,1593.9,1564.35,1571,5436951,8566568694,1566.6,1566.6
1566.75,1579,1555.55,1567,9291724,14538834628,1566.75,1579,1555.55,1567,9291724,14538834628,1562.7,1562.7
1563,1580,1562,1577.15,6739582,10578662434,1563,1580,1562,1577.15,6739582,10578662434,1575.85,1575.85
1573.7,1614.9,1571.8,1613,9375484,14960269699,1573.7,1614.9,1571.8,1613,9375484,14960269699,1609.95,1609.95
1615,1617.55,1596.1,1600,9724619,15604131779,1615,1617.55,1596.1,1600,9724619,15604131779,1599.1,1599.1
1560.1,1577.55,1557.8,1570.95,11478429,17990493040,1560.1,1577.55,1557.8,1570.95,11478429,17990493040,1571.4,1571.4
1568.9,1572.05,1542.5,1544.5,8251144,12833955163,1568.9,1572.05,1542.5,1544.5,8251144,12833955163,1546.45,1546.45
1541.65,1552.95,1510.15,1515.8,13605737,20782349005,1541.65,1552.95,1510.15,1515.8,13605737,20782349005,1515.4,1515.4
1527,1546.2,1521.3,1542,8081591,12393781505,1527,1546.2,1521.3,1542,8081591,12393781505,1542.35,1542.35
1545.95,1547.65,1528.05,1546.25,7828402,12041287379,1545.95,1547.65,1528.05,1546.25,7828402,12041287379,1544.2,1544.2
1542,1543.7,1508.05,1516,10150467,15480924274,1542,1543.7,1508.05,1516,10150467,15480924274,1514.05,1514.05
1518,1527.1,1505.5,1511.8,6402372,9701063103,1518,1527.1,1505.5,1511.8,6402372,9701063103,1509.6,1509.6
1512,1540.95,1512,1534.1,8096561,12394709676,1512,1540.95,1512,1534.1,8096561,12394709676,1535.3,1535.3
1533,1541.65,1523,1536,9593498,14704283072,1533,1541.65,1523,1536,9593498,14704283072,1537.15,1537.15
1520,1527.9,1498,1499.9,11209343,16954936800,1520,1527.9,1498,1499.9,11209343,16954936800,1501.5,1501.5
1519,1534.5,1513.5,1526.95,7627191,11617096335,1519,1534.5,1513.5,1526.95,7627191,11617096335,1524.6,1524.6
1515,1534.45,1510,1514,7336561,11138643618,1515,1534.45,1510,1514,7336561,11138643618,1513.15,1513.15
1538.6,1550,1531.25,1549.5,6849606,10560431963,1538.6,1550,1531.25,1549.5,6849606,10560431963,1548,1548
1551.9,1557.95,1539.65,1546.85,5704686,8838954165,1551.9,1557.95,1539.65,1546.85,5704686,8838954165,1547.65,1547.65
1545.05,1558.7,1538.4,1539.85,8358090,12946146807,1545.05,1558.7,1538.4,1539.85,8358090,12946146807,1543.7,1543.7
1540,1550,1521.85,1529.1,7230788,11090262628,1540,1550,1521.85,1529.1,7230788,11090262628,1529.4,1529.4
